Slots,Card Games,Blackjack Games,pfbj_mh5,Perfect Blackjack Multihand 5,完美21点
Slots,Card Games,Poker Games,cheaa,Casino Hold'Em,赌场德州扑克
Slots,Card Games,Blackjack Games,bjcb,Cashback Blackjack,返现21点
Slots,Card Games,Blackjack Games,bjto,Premium Blackjack,欧式奖金21点
Slots,Card Games,Blackjack Games,fcbj,Free Chip Blackjack,免费筹码21点
Slots,Card Games,Poker Games,huh,Heads Up Hold'em,足智多谋 Hold'Em
Slots,Card Games,Blackjack Games,mobbj,Mobile Blackjack,21点
Slots,Card Games,Blackjack Games,bjsd2,Blackjack Surrender,投降21点
Slots,Card Games,Blackjack Games,abbj,All Bets Blackjack,专赌21点
Slots,Card Games,Baccarat Games,ba,Baccarat,百家乐
Slots,Card Games,Poker Games,3cb,3 Card Brag,三张扑克牌
Slots,Card Games,Poker Games,car,Caribbean Stud Poker,加勒比扑克
Slots,Card Games,Table Games,sem,7 e mezzo,7e女中音
Slots,Card Games,Poker Games,hilop,Hi-Lo Premium,奖金高低牌
Slots,Card Games,Blackjack Games,bjto_sh,Premium Blackjack Single Hand,奖金21点
Slots,Card Games,Blackjack Games,bjs,Blackjack Switch,转换21点
Slots,Card Games,Blackjack Games,bjll,Lucky Lucky Blackjack,幸运21点
Slots,Card Games,Blackjack Games,bjbu,Buster Blackjack,爆裂21点
Slots,Card Games,Blackjack Games,bj65,Vegas Blackjack,维加斯21点
Slots,Card Games,Baccarat Games,pop_hitmebccrt_eye,Hit me Baccarat,玩转百家乐
Slots,Card Games,Baccarat Games,premba,Premium Baccarat,奖金百家乐
Slots,Fixed Odds,Roulette Games,mro,Mini Roulette,迷你轮盘
Slots,Fixed Odds,Roulette Games,pbro,Pinball Roulette,弹珠轮盘
Slots,Fixed Odds,Roulette Games,lwh,Spin a Win,赢利转盘
Slots,Fixed Odds,Roulette Games,wop,Age of the Gods Spin A Win,众神时代赢利转盘
Slots,Mini games,Blackjack Games,mbj,Mini Blackjack,迷你21点
Slots,POP Slots,Slot Machines,gpas_btbandit_pop,Bonus Train Bandits,奖金火车土匪
Slots,POP Slots,Slot Machines,gpas_sorome_pop,Shields of Rome,罗马之盾
Slots,POP Slots,Slot Machines,gpas_gtreveal_pop,The Great Reveal,伟大的表演
Slots,POP Slots,Slot Machines,gpas_squeen_pop,Sky Queen,天之女王
Slots,POP Slots,Slot Machines,gpas_sjungle_pop,Savage Jungle,野蛮丛林
Slots,POP Slots,Slot Machines,gpas_tsgift_pop,Tsai Shen's Gift,财神兴盛
Slots,POP Slots,Slot Machines,gpas_tigertdp_pop,"Tiger, Turtle, Dragon, Phoenix","青龙,白虎,朱雀,玄武"
Slots,POP Slots,Slot Machines,gpas_starsablaze_pop,Stars Ablaze,星星闪耀
Slots,POP Slots,Slot Machines,gpas_dbond_pop,Dragon Bond,龙门传说
Slots,POP Slots,Slot Machines,gpas_fatchoy_pop,Fat Choy Choy Sun,发财财神
Slots,POP Slots,Slot Machines,gpas_jflong_pop,Jinfu Long,金福龙
Slots,POP Slots,Slot Machines,gpas_xjinfu_pop,Jinfu Xingyun,金福幸运
Slots,POP Slots,Slot Machines,gpas_nsshen_pop,Ni Shu Shen Me,你属什么
Slots,POP Slots,Slot Machines,gpas_vampirep_pop,Vampire Princess of Darkness,暗黑吸血鬼公主
Slots,POP Slots,Slot Machines,gpas_eliminators_pop,Eliminators,毁灭拳手
Slots,POP Slots,Slot Machines,gpas_pumpkinb_pop,Pumpkin Bonanza,南瓜富矿
Slots,POP Slots,Slot Machines,gpas_selfelf_pop,Selfie Elfie,自拍狂人
Slots,POP Slots,Slot Machines,gpas_elady_pop,Eternal Lady,嫦娥奔月
Slots,POP Slots,Slot Machines,gpas_bomaway_pop,Bombs,炸弹
Slots,POP Slots,Slot Machines,gpas_cascharms_pop,Casino Charms,赌场之魅
Slots,POP Slots,Slot Machines,gpas_sexiles_pop,Starmada Exiles,星际流亡者
Slots,POP Slots,Slot Machines,gpas_ccave_pop,Cascading Cave,级联洞穴
Slots,POP Slots,Slot Machines,gpas_tttotems_pop,Tip Top Totems,顶级图腾
Slots,POP Slots,Slot Machines,gpas_pblast_pop,Buccaneer Blast,爆裂海盗
Slots,POP Slots,Slot Machines,gpas_tstacks_pop,Tiger Stacks,老虎堆
Slots,POP Slots,Slot Machines,gpas_hice_pop,Hainan Ice,海南冰
Slots,POP Slots,Slot Machines,gpas_bwizard_pop,Blue Wizard,蓝巫师
Slots,POP Slots,Slot Machines,gpas_scqueen_pop,Pharaoh's Daughter,法老王的女儿
Slots,POP Slots,Slot Machines,gpas_fprince_pop,Forest Prince,森林王子
Slots,POP Slots,Slot Machines,gpas_panthpays_pop,Panther Pays,发财黑豹
Slots,POP Slots,Slot Machines,gpas_nyslot_pop,New Year's Bonanza,新年富园
Slots,POP Slots,Slot Machines,gpas_gmacaque_pop,Golden Macaque,金猴
Slots,POP Slots,Slot Machines,gpas_rrider_pop,Retro Rush,复古潮流冲刺
Slots,POP Slots,Slot Machines,gpas_lemeralds_pop,Lucky Emeralds,幸运绿宝石
Slots,POP Slots,Jackpot Slots,gpas_aogkasgard_pop,Age of the Gods Norse: King of Asgard,众神北欧时代：阿斯加德国王
Slots,POP Slots,Slot Machines,gpas_mwilds_pop,Midnight Wilds,午夜荒野
Slots,POP Slots,Slot Machines,gpas_eemeralds_pop,Egyptian Emeralds,埃及绿宝石
Slots,POP Slots,Slot Machines,gpas_boking_pop,Book of Kings,国王之书
Slots,POP Slots,Slot Machines,gpas_wwd_pop,Wild West Wilds,狂野西部荒野
Slots,POP Slots,Jackpot Slots,gpas_aognwot_pop,Age of the Gods Norse: Ways of Thunder,众神北欧时代：雷电之道
Slots,POP Slots,Slot Machines,gpas_sstrike_pop,Stallion Strike,进击的闪电马
Slots,POP Slots,Jackpot Slots,gpas_aogggriffin_pop,Age of the Gods: Glorious Griffin,众神时代：辉煌狮鹫
Slots,POP Slots,Slot Machines,gpas_atrail_pop,Adventure Trail,探险之途
Slots,POP Slots,Slot Machines,gpas_bbells_pop,Blazing Bells,闪耀铃铛
Slots,POP Slots,Slot Machines,gpas_pluck_pop,Panda Luck,运财熊猫
Slots,POP Slots,Jackpot Slots,gpas_aoggagiants_pop,Age of the Gods Norse: Gods and Giants,众神北欧时代：神与巨人
Slots,POP Slots,Slot Machines,gpas_jmoon_pop,Jinns Moon,金恩之月
Slots,POP Slots,Slot Machines,gpas_dsparks_pop,Dragon Spark,龙女之光
Slots,POP Slots,Slot Machines,gpas_betwilds_pop,Better Wilds,极佳荒野
Slots,POP Slots,Jackpot Slots,gpas_rgift_pop,Gem Splash: Rainbows Gift,宝石横飞：彩虹礼物
Slots,POP Slots,Jackpot Slots,gpas_jhreels_pop,Joker Hot Reels,小丑转转转
Slots,POP Slots,Slot Machines,gpas_lottiger_pop,Legacy of the Tiger,猛虎馈赠
Slots,POP Slots,Slot Machines,gpas_dragonchi_pop,Dragon Chi,气龙
Slots,POP Slots,Slot Machines,gpas_mquest_pop,Quest West,西游记
Slots,POP Slots,Slot Machines,gpas_strongox_pop,Ox Riches,公牛财富
Slots,POP Slots,Slot Machines,gpas_hydra_pop,Legend of Hydra ,九头蛇传奇
Slots,POP Slots,Slot Machines,gpas_bblitz2_pop,Buffalo Blitz II,水牛闪电战2
Slots,POP Slots,Slot Machines,gpas_fgift_pop,Frog's Gift,青蛙之礼
Slots,POP Slots,Slot Machines,gpas_lotwild2_pop,Legacy of the Wilds 2,野外宝藏2
Slots,POP Slots,Slot Machines,gpas_cways_pop,Caishen Ways,财神组合
Slots,POP Slots,Slot Machines,gpas_buddhaways_pop,Golden Ways,黄金组合
Slots,POP Slots,Slot Machines,gpas_28dman_pop,28 Mansions,幸运星宿
Slots,POP Slots,Jackpot Slots,gpas_gogold_pop,Age of the Gods Norse: Book of Dwarves,众神北欧时代：矮人之书
Slots,POP Slots,Jackpot Slots,gpas_aogrotu_pop,Age of the Gods: Ruler Of The Dead,众神时代：冥府统治者
Slots,POP Slots,Slot Machines,gpas_ttreasure_pop,Gold Pile: Toltec Treasure,黄金满屋：托尔特克之宝藏
Slots,POP Slots,Slot Machines,gpas_wlava_pop,Wild Lava,野生熔岩
Slots,POP Slots,Slot Machines,gpas_gpnyg_pop,Gold Pile: New Years Gold,黄金满屋：新年之金
Slots,POP Slots,Slot Machines,gpas_zcjbao2_pop,Zhao Cai Jin Bao 2,招财进宝2
Slots,POP Slots,Slot Machines,gpas_afactory_pop,Fire Blaze Golden: Amazing Factory,黄金烈焰大奖：富贵工厂
Slots,POP Slots,Slot Machines,gpas_bfrenzy_pop,Bee Frenzy,疯狂蜜蜂
Slots,POP Slots,Slot Machines,gpas_aluck_pop,Arowanas Luck,金龙鱼
Slots,POP Slots,Slot Machines,gpas_awild2_pop,Anaconda Wild II,狂野蟒蛇2
Slots,POP Slots,Slot Machines,gpas_rriches_pop,Record Riches,音乐之财
Slots,POP Slots,Slot Machines,gpas_scupid_pop,Lovefool,爱情傻瓜
Slots,POP Slots,Slot Machines,gpas_tgift_pop,Toad's Gift,金蟾蜍的礼物
Slots,POP Slots,Slot Machines,gpas_pppearls_pop,Pearls Pearls Pearls,珍珠，珍珠，珍珠
Slots,POP Slots,Slot Machines,gpas_tfortune_pop,Gold Pile: Tigers Pride,黄金满屋：老虎天骄
Slots,POP Slots,Slot Machines,gpas_aogbooracle_pop,Age of Gods: Book of Oracle,众神时代：神谕之书
Slots,POP Slots,Slot Machines,gpas_nalight_pop,Jane Jones In Book Of King 2,简琼斯国王之书2
Slots,POP Slots,Slot Machines,gpas_rempress_pop,Fire Blaze: River Empress,烈焰大奖：河皇后
Slots,POP Slots,Slot Machines,gpas_sgift_pop,Fire Blaze: Sisters Gift,烈焰至尊：姐妹之礼
Slots,POP Slots,Slot Machines,gpas_bbob_pop,Breakout Bob,越狱的鲍勃
Slots,POP Slots,Slot Machines,gpas_gporang_pop,Gold Pile: Orangutan,黄金满屋：猩猩
Slots,POP Slots,Slot Machines,gpas_rwizard_pop,Fire Blaze: Red Wizard,烈焰至尊：红巫师
Slots,POP Slots,Slot Machines,gpas_fbgbb_pop,Fire Blaze Golden: Buccaneer Bells,烈焰黄金：海盗铃钟
Slots,POP Slots,Slot Machines,gpas_etscore_pop,The Perfect Heist,完美大盗
Slots,POP Slots,Slot Machines,gpas_zcharms_pop,Zodiac Charms,生肖魅力
Slots,POP Slots,Jackpot Slots,gpas_kgomoon_pop,Mega Fire Blaze: Khonsu God of Moon,百万烈焰大奖：孔苏月神
Slots,POP Slots,Jackpot Slots,gpas_gskc_pop,Gem Splash: Kings Court,宝石横飞：国王庭院
Slots,POP Slots,Slot Machines,gpas_mblocks_pop,Mayan Blocks,玛雅积木
Slots,POP Slots,Slot Machines,gpas_sgomagic_pop,Sorcerer's Guild of Magic,魔法师公会
Slots,POP Slots,Slot Machines,gpas_amammoth_pop,Absolutely Mammoth,绝对长毛象
Slots,POP Slots,Slot Machines,gpas_ishtar_pop,Ishtar,伊丝塔
Slots,POP Slots,Jackpot Slots,gpas_ppayspp_pop,Panther Pays Power Play Jackpot,发财黑豹奖池版
Slots,POP Slots,Jackpot Slots,gpas_fbars_pop,Flaming Bars,火焰棒
Slots,POP Slots,Slot Machines,gpas_twolf_pop,Fire Blaze Golden: Tundra Wolf,黄金烈焰大奖：苔原狼
Slots,POP Slots,Slot Machines,gpas_dhall_pop,Dragons Hall: Thundershots,龙之堂：雷霆之弹
Slots,POP Slots,Slot Machines,gpas_wlinx_pop,Wild Linx,神秘连接
Slots,POP Slots,Jackpot Slots,gpas_eape2_pop,Epic Ape II Jackpot Blitz,猿人传奇2奖池闪电战
Slots,POP Slots,Slot Machines,gpas_wpanda_pop,Full Moon: White Panda,满月：白熊猫
Slots,POP Slots,Slot Machines,gpas_wtrack_pop,Full Moon: Wild Track,满月：狂野赛道
Slots,POP Slots,Slot Machines,gpas_sscarab_pop,Eye of Anubis,阿努比斯之眼
Slots,POP Slots,Jackpot Slots,gpas_bokings2pp_pop,Book of Kings 2 PowerPlay Jackpot,国王之书2奖池版
Slots,POP Slots,Slot Machines,gpas_gguardians_pop,Glorious Guardians,福临五象
Slots,POP Slots,Slot Machines,gpas_pstrike_pop,Pyramid Valley: Power Zones,金字塔谷：能量区域
Slots,POP Slots,Slot Machines,gpas_ceruption_pop,Chili Eruption Thundershots,辣椒喷发：雷霆之弹
Slots,POP Slots,Slot Machines,gpas_ccsahara_pop,Sahara Riches: Cash Collect,撒哈拉财富：现金收集
Slots,POP Slots,Slot Machines,gpas_marat_pop,Monkey and Rat,猴鼠
Slots,POP Slots,Slot Machines,gpas_ccskingofa_pop,Atlantis Cash Collect,亚特兰蒂斯：现金收集
Slots,POP Slots,Slot Machines,gpas_soanubis_pop,Curse of Anubis,阿努比斯的诅咒
Slots,POP Slots,Slot Machines,gpas_aexpedition_pop,Aztec Expedition Thundershots,阿兹特克探险
Slots,POP Slots,Slot Machines,pop_autumngold_eye,Autumn Gold,金秋
Slots,POP Slots,Slot Machines,pop_btthbbbs_eye,Beat The Bobbies,鏖战英警
Slots,POP Slots,Slot Machines,pop_beezkneez_eye,Beez Kneez,无敌小蜜蜂
Slots,POP Slots,Slot Machines,pop_bfad477a_eye,Bouncy Balls 2,弹跳球2
Slots,POP Slots,Slot Machines,pop_caravantcro_eye,Caravan to Cairo,前往开罗的大篷车
Slots,POP Slots,Slot Machines,pop_1fc2f43a_eye,Clover Rollover 2,转运四叶草2
Slots,POP Slots,Slot Machines,pop_crystallotus_eye,Crystal Lotus,水晶莲花
Slots,POP Slots,Slot Machines,pop_cupcarnaval_eye,Cup Carnaval,足球杯狂欢节
Slots,POP Slots,Slot Machines,pop_nchntdprnc_eye,Enchanted Prince,被施咒的王子
Slots,POP Slots,Slot Machines,pop_df48c20d_eye,Fluffy Favourites Megaways,毛绒爱宠大体验
Slots,POP Slots,Slot Machines,pop_frwrksfrnz_eye,Fireworks Frenzy,烟火撩人
Slots,POP Slots,Slot Machines,pop_flfffvrts_eye,Fluffy Favourites,毛绒玩具收藏品
Slots,POP Slots,Slot Machines,pop_e63aedf0_eye,Galactic Girls,银河少女
Slots,POP Slots,Slot Machines,pop_heartburst_eye,Heartburst,热血沸腾
Slots,POP Slots,Slot Machines,pop_holdthesafe_eye,Hold The Safe,掌控保险箱
Slots,POP Slots,Slot Machines,pop_irishluck_eye,Irish Luck(Eyecon),幸运爱尔兰
Slots,POP Slots,Slot Machines,pop_kissmeclover_eye,Kiss Me Clover,吻我吧，三叶草妖精
Slots,POP Slots,Slot Machines,pop_kittypayout_eye,Kitty Payout,小猫派彩
Slots,POP Slots,Slot Machines,pop_lostisland_eye,Lost Island,失落的岛屿
Slots,POP Slots,Slot Machines,pop_lucharumble_eye,Lucha Rumble,摔跤大战
Slots,POP Slots,Slot Machines,pop_pastthepost_eye,Past the Post,超越对手
Slots,POP Slots,Slot Machines,pop_piggypayout_eye,Piggy Payout,小猪派彩
Slots,POP Slots,Slot Machines,pop_pigsfeast_eye,Pigs Feast,小猪的大餐
Slots,POP Slots,Slot Machines,pop_puggypayout_eye,Puggy Payout,小狗派彩
Slots,POP Slots,Slot Machines,pop_rbtssplndr_eye,Rebets Splendour,华丽重转
Slots,POP Slots,Slot Machines,pop_secretgarden_eye,Secret Garden,秘密花园
Slots,POP Slots,Slot Machines,pop_047c7908_eye,Shamans Dream 2,萨满之梦2
Slots,POP Slots,Slot Machines,pop_shppngspr_eye,Shopping Spree,疯狂购物
Slots,POP Slots,Slot Machines,pop_stampede_eye,Stampede,狂潮
Slots,POP Slots,Slot Machines,pop_stepback7s_eye,Stepback 7s,重现 777
Slots,POP Slots,Slot Machines,pop_strkrgswld_eye,Striker Goes Wild,热血前锋
Slots,POP Slots,Slot Machines,pop_tmplfrs_eye,Temple of Iris 2,伊莉斯神庙2
Slots,POP Slots,Slot Machines,pop_vrmrrchrstms_eye,Very Merry Christmas,圣诞很快乐
Slots,POP Slots,Slot Machines,pop_vladscastle_eye,Vlads Castle,德古拉城堡
Slots,POP Slots,Slot Machines,pop_whitewizard_eye,White Wizard,白色巫师
Slots,POP Slots,Slot Machines,pop_whtwzrddlx_eye,White Wizard Deluxe,白色巫师豪华版
Slots,POP Slots,Slot Machines,pop_xngnbzh_eye,Xingyun BaoZhu,幸运爆竹
Slots,POP Slots,Slot Machines,pop_xmascash_eye,Xmas Cash,圣诞现金
Slots,POP Slots,Slot Machines,pop_yoyoswild_eye,Yoyo's Wild,疯狂悠悠球
Slots,POP Slots,Slot Machines,gpas_mgbwizard_pop,Fire Blaze: Blue Wizard Megaways,烈焰至尊：蓝巫师Megaways
Slots,POP Slots,Slot Machines,gpas_harrow_pop,Heroes Arrow,英雄之箭
Slots,POP Slots,Slot Machines,gpas_jisland2_pop,Jurassic Island 2,侏罗纪岛2
Slots,POP Slots,Slot Machines,gpas_bcircus_pop,Mega Fire Blaze: Big Circus!,巨型烈焰：大马戏！
Slots,POP Slots,Slot Machines,gpas_tbirds_pop,Power Zones: Thunder Birds,能量区域：雷鸟
Slots,POP Slots,Slot Machines,gpas_ffever_pop,Fishin' Bonanza,钓好运
Slots,POP Slots,Slot Machines,gpas_ccluck_pop,Leprechaun’s Luck: Cash Collect,小妖精的好运：现金收集
Slots,POP Slots,Slot Machines,gpas_wpisto_pop,Mega Fire Blaze: Wild Pistolero,巨型烈焰：狂野手枪
Slots,POP Slots,Slot Machines,gpas_hgextreme_pop,Hot Gems Xtreme,极限热辣宝石
Slots,POP Slots,Slot Machines,gpas_auncoil_pop,Anaconda Uncoiled,蟒蛇献宝
Slots,POP Slots,Slot Machines,gpas_cxtreme_pop,Chilli Xtreme,终极火辣
Slots,POP Slots,Slot Machines,gpas_ffighter_pop,Fire Blaze: Fire Fighter,烈焰至尊：消防勇士
Slots,POP Slots,Slot Machines,gpas_wpunch_pop,Wushu Punch,武术拳
Slots,POP Slots,Slot Machines,gpas_drise_pop,Diamond Rise,钻石金字塔
Slots,POP Slots,Slot Machines,gpas_fmhitbar_pop,Hit Bar,热辣财富
Slots,POP Slots,Slot Machines,gpas_gwish_pop,Mighty Hat: Lamp of Gold,萬能帽 : 金灯
Slots,POP Slots,Slot Machines,gpas_koihar_pop,Koi Harmony,如意锦鲤
Slots,POP Slots,Slot Machines,gpas_sbullet_pop,Silver Bullet Bandit: Cash Collect,银弹匪徒：现金收集
Slots,POP Slots,Slot Machines,gpas_jrush_pop,Joker Rush,小丑狂奔
Slots,POP Slots,Slot Machines,gpas_cguard_pop,Qin's Empire: Celestial Guardians,大秦帝国：天界守护者
Slots,POP Slots,Slot Machines,gpas_sking_pop,Monster Multipliers,乘数怪物
Slots,POP Slots,Slot Machines,gpas_ctemple_pop,Qin's Empire: Caishen's Temple,大秦帝国：财神庙
Slots,POP Slots,Slot Machines,gpas_qccharm_pop,Fire Blaze Quattro: Celtic Charm,烈焰四驱：魅力凯尔特
Slots,POP Slots,Slot Machines,gpas_grush_pop,Mighty Hat: Mine O' Mine,萬能帽：我的宝矿
Slots,POP Slots,Slot Machines,gpas_bcash_pop,Gold Hit: O'Reilly's Riches,黄金疯狂：奥莱利的财富
Slots,POP Slots,Slot Machines,gpas_gwizard_pop,Fire Blaze: Green Wizard,烈焰至尊：绿巫师
Slots,POP Slots,Slot Machines,gpas_cchfortune_pop,Witches: Cash Collect,女巫：现金收集
Slots,POP Slots,Slot Machines,gpas_mforest_pop,Mighty Hat: Mystic Tales,萬能帽：神秘传说
Slots,POP Arcade,Shooting Games,pop_3d62bb7b_3kg,Warrior Fishing,张飞劈鱼
Slots,Arcade,Shooting Games,shsfc,Space Hunter: Shoot for Cash,太空猎人
Slots,Arcade,Shooting Games,fishshr,FISH! Shoot For Cash,捕鱼/炮打金币
Slots,POP Jackpot Slots,Jackpot Slots,gpas_secagent_pop,Spy Rise,间谍觉醒
Slots,POP Jackpot Slots,Jackpot Slots,gpas_aogrotsea_pop,Age of the Gods: Ruler of the Seas,众神时代：海洋统治者
Slots,POP Jackpot Slots,Jackpot Slots,gpas_aogetroy_pop,Age of the Gods: Epic Troy,众神时代：史诗特洛伊
Slots,POP Jackpot Slots,Jackpot Slots,gpas_appower_pop,Age of the Gods: Apollo Power,众神时代：阿波罗之力
Slots,POP Jackpot Slots,Jackpot Slots,gpas_bbellspp_pop,Blazing Bells PowerPlay Jackpot,闪耀铃铛奖池版
Slots,POP Jackpot Slots,Jackpot Slots,gpas_bokingpp_pop,Book of Kings PowerPlay Jackpot,国王之书奖池版
Slots,POP Jackpot Slots,Jackpot Slots,gpas_eemeraldspp_pop,Egyptian Emeralds PowerPlay Jackpot,埃及绿宝石奖池版
Slots,POP Jackpot Slots,Jackpot Slots,gpas_tttotemspp_pop,Tip Top Totems PowerPlay Jackpot,顶级图腾奖池版
Slots,POP Jackpot Slots,Jackpot Slots,gpas_aognnl_pop,Age of the Gods Norse: Norse Legends,众神北欧时代：北欧传奇
Slots,POP Jackpot Slots,Jackpot Slots,gpas_dostormspp_pop,Djinn of Storms PowerPlay Jackpot,风暴精灵奖池版
Slots,POP Jackpot Slots,Jackpot Slots,gpas_betwildspp_pop,Better Wilds PowerPlay Jackpot,更好的百搭奖池版
Slots,POP Jackpot Slots,Jackpot Slots,gpas_soicepp_pop,Storms of Ice PowerPlay Jackpot,冰暴：强力累积奖金
Slots,POP Jackpot Slots,Jackpot Slots,gpas_rslot_pop,Rhino Blitz,犀牛闪电战
Slots,POP Jackpot Slots,Jackpot Slots,gpas_tqcempt_pop,The Queen's Curse: Empire Treasures,女王的诅咒：帝国宝藏
Slots,POP Scratch cards,Jackpot Slots,gpas_fballiwpp_pop,Football Scratch PowerPlay Jackpot,足球刮刮乐奖池版
Slots,POP Scratch cards,Scratch Games,gpas_wlavaiw_pop,Wild Lava Scratch,野生熔岩刮刮乐
Slots,POP Scratch cards,Scratch Games,gpas_hgextremeiw_pop,Hot Gems Xtreme Scratch,热辣宝石刮刮乐
Slots,POP Jackpot Slots,Jackpot Slots,gpas_aogww_pop,Age of the Gods: Wonder Warriors,众神时代：奇迹战士
Slots,POP Jackpot Slots,Jackpot Slots,gpas_aogwfot_pop,Age of the Gods: Wheels of Olympus,众神时代：奥林匹斯转盘
Slots,POP Jackpot Slots,Jackpot Slots,gpas_mkeeper_pop,Age of the Gods: Maze Keeper,众神时代：迷宫守护者
Slots,POP Jackpot Slots,Jackpot Slots,gpas_gstorm2_pop,Age of the Gods: God of Storms 2,众神时代：风暴之神2
Slots,POP Jackpot Slots,Jackpot Slots,gpas_hcdelux_pop,Hot Crown Deluxe,火热皇冠豪华版
Slots,POP Jackpot Slots,Jackpot Slots,gpas_bprog_pop,King Blitz,王者闪电战
Slots,POP Jackpot Slots,Jackpot Slots,gpas_sstrikepp_pop,Stallion Strike PowerPlay Jackpot,进击的闪电马奖池版
Slots,POP Jackpot Slots,Jackpot Slots,gpas_etpop_pop,Pride of Persia: Empire Treasures,波斯的骄傲：帝国宝藏
Slots,POP Jackpot Slots,Jackpot Slots,gpas_vemptr_pop,Vikings: Empire Treasures,维京人：帝国宝藏
Slots,POP Jackpot Slots,Jackpot Slots,gpas_wcrusade_pop,Wild Crusade: Empire Treasures,狂野十字军：帝国宝藏
Slots,POP Jackpot Slots,Jackpot Slots,gpas_bbmways_pop,Buffalo Blitz: Megaways,水牛闪电战Megaways
Slots,POP Jackpot Slots,Jackpot Slots,gpas_sharks_pop,Shark Blitz,鲨鱼闪电战
Slots,POP Jackpot Slots,Jackpot Slots,gpas_wlinxpp_pop,Wild LinX PowerPlay Jackpot,神秘连接 强力累积奖金
Slots,POP Jackpot Slots,Jackpot Slots,gpas_fmhitbarpp_pop,Hit Bar PowerPlay Jackpot,热辣财富奖池版
Slots,Progressive Slot Machines,Jackpot Slots,phtd,Pharaoh's Treasure Deluxe,超级法老王宝藏
Slots,Progressive Slot Machines,Jackpot Slots,ashglss,The Glass Slipper,玻璃鞋
Slots,Progressive Slot Machines,Jackpot Slots,tht,Thai Temple,泰国神庙
Slots,Progressive Slot Machines,Jackpot Slots,ctiv,Cat in Vegas,猫赌神
Slots,Progressive Slot Machines,Jackpot Slots,zcjbjp,Zhao Cai Jin Bao Jackpot,招财进宝彩池
Slots,Progressive Slot Machines,Jackpot Slots,evj,Everybody's Jackpot,众人彩池
Slots,Progressive Slot Machines,Jackpot Slots,grel,Gold Rally,金色召集
Slots,Progressive Slot Machines,Jackpot Slots,ashtmd,Time for a Deal,交易时刻
Slots,Progressive Slot Machines,Jackpot Slots,hrcls,Age of the Gods: Prince of Olympus,众神时代：奥林匹斯王子
Slots,Progressive Slot Machines,Jackpot Slots,fnfrj,Funky Fruits,水果农场
Slots,Progressive Slot Machines,Jackpot Slots,phot,Purple Hot,紫色狂热
Slots,Progressive Slot Machines,Jackpot Slots,jpgt,Jackpot Giant,奖金巨人
Slots,Progressive Slot Machines,Jackpot Slots,pisa,Pixel Samurai,像素武士
Slots,Progressive Slot Machines,Jackpot Slots,sol,Streak of Luck,好运连连
Slots,Progressive Slot Machines,Jackpot Slots,ccccny,Coin! Coin! Coin! CNY,币币币
Slots,Progressive Slot Machines,Jackpot Slots,ashcpl,Chests of Plenty,美女船长
Slots,Progressive Slot Machines,Jackpot Slots,athn,Age of the Gods: Goddess of Wisdom,众神时代：智慧女神
Slots,Progressive Slot Machines,Jackpot Slots,ashbob,Bounty of the Beanstalk,杰克与魔豆
Slots,Progressive Slot Machines,Jackpot Slots,nian,Nian Nian You Yu,年年有余
Slots,Progressive Slot Machines,Jackpot Slots,fmjp,Funky Monkey Jackpot,古怪猴子彩池
Slots,Progressive Slot Machines,Jackpot Slots,ashfta,Fairest of Them All,白雪公主
Slots,Progressive Slot Machines,Jackpot Slots,cnpr,Sweet Party,甜蜜派对
Slots,Progressive Slot Machines,Jackpot Slots,grbjp,Great Blue Jackpot,湛蓝深海彩池
Slots,Progressive Slot Machines,Jackpot Slots,aeolus,Age of the Gods: God of Storms,众神时代：风暴之神
Slots,Progressive Slot Machines,Jackpot Slots,fmn,Fruit Mania,水果嘉年华
Slots,Progressive Slot Machines,Jackpot Slots,lndg,Land of Gold,遍地黄金
Slots,Progressive Slot Machines,Jackpot Slots,ashadv,Adventures in Wonderland Deluxe,仙境冒险豪华版
Slots,Progressive Slot Machines,Jackpot Slots,mnkmn,Monkey Mania,疯狂猴子
Slots,Progressive Slot Machines,Jackpot Slots,ljxy,Long Jia Xiang Yun,龙驾祥云
Slots,Progressive Slot Machines,Jackpot Slots,nian_k,Nian Nian You Yu Asia,年年有余亚洲版
Slots,Progressive Slot Machines,Jackpot Slots,esm,Esmeralda,埃斯梅拉达
Slots,Progressive Slot Machines,Jackpot Slots,ftsis,Age of the Gods: Fate sisters,众神时代：命运姊妹
Slots,Progressive Slot Machines,Jackpot Slots,furf,Age of the Gods: Furious Four,众神时代：雷霆4
Slots,Progressive Slot Machines,Jackpot Slots,aogs,Age of the Gods,众神时代
Slots,Progressive Slot Machines,Jackpot Slots,bl,Beach Life,海滨嘉年华
Slots,Progressive Slot Machines,Jackpot Slots,xufe,Xuan Pu Lian Huan,玄圃联欢
Slots,Progressive Slot Machines,Jackpot Slots,zeus,Age of the Gods: King of Olympus,众神时代：奥林匹斯之王
Slots,Progressive Slot Machines,Jackpot Slots,wsffr,Wall Street Fever,华尔街狂热
Slots,Progressive Slot Machines,Jackpot Slots,pyrr,Pyramid of Ramesses,拉美西斯金字塔
Slots,Progressive Slot Machines,Jackpot Slots,jbells,Jackpot Bells,彩池铃铛
Slots,Progressive Slot Machines,Jackpot Slots,cbells,Christmas Jackpot Bells,圣诞彩池铃铛
Slots,Progressive Slot Machines,Jackpot Slots,ashwnoz,Winnings of Oz,绿野仙踪
Slots,Progressive Slot Machines,Jackpot Slots,ashlcl,Leprechaun's Luck,妖精的幸运
Slots,Progressive Slot Machines,Jackpot Slots,ashjcb,Juicy Booty,水果大赢家
Slots,Progressive Slot Machines,Jackpot Slots,ashabw,Adventures Beyond Wonderland,仙境冒险
Slots,Progressive Slot Machines,Jackpot Slots,aogrots,Age of the Gods: Ruler of the Sky,众神时代：天空统治者
Slots,Progressive Slot Machines,Jackpot Slots,aogroo,Age of the Gods: Rulers of Olympus,众神时代：奥林匹斯统治者
Slots,Progressive Slot Machines,Jackpot Slots,aogmt,Age Of The Gods: Mighty Midas,众神时代：强大的迈达斯
Slots,Progressive Slot Machines,Jackpot Slots,aogmm,Age of the Gods: Medusa & Monsters,众神时代：美杜莎与怪兽
Slots,Progressive Slot Machines,Jackpot Slots,slion,Super Lion,超级狮子
Slots,Progressive Slot Machines,Jackpot Slots,kfp,Liu Fu Shou,六福兽
Slots,Progressive Slot Machines,Jackpot Slots,aztec,Inca Jackpot,印加帝国头奖
Slots,Progressive Slot Machines,Jackpot Slots,ririshc,Ri Ri Sheng Cai,日日生财
Slots,Progressive Slot Machines,Jackpot Slots,wlcsh,Wu Lu Cai Shen,五路财神
Slots,Progressive Slot Machines,Jackpot Slots,ftg,Five Tiger Generals,五虎将
Slots,Progressive Slot Machines,Jackpot Slots,infdrg,Infinity Dragon,无尽之龙
Slots,Progressive Slot Machines,Jackpot Slots,gfal,Rulers of the World: Empire Treasures, 世界统治者：帝国宝藏
Slots,Slot Machines,Slot Machines,ashamw,Amazon Wild,亚马逊野兽
Slots,Slot Machines,Slot Machines,wotp,Ways of the Phoenix,凤凰之道
Slots,Slot Machines,Slot Machines,gts50,Hot Gems,热辣宝石
Slots,Slot Machines,Slot Machines,pmn,Panther Moon,黑豹之月
Slots,Slot Machines,Slot Machines,ges,Geisha Story,艺伎故事
Slots,Slot Machines,Slot Machines,tigc,Tiger Claw,虎爪
Slots,Slot Machines,Slot Machines,mobdt,Desert Treasure,沙漠财宝
Slots,Slot Machines,Slot Machines,hk,Highway Kings,高速公路之王
Slots,Slot Machines,Slot Machines,gos,Golden Tour,黄金之旅
Slots,Slot Machines,Slot Machines,gtssmbr,Samba Brazil,激情桑巴
Slots,Slot Machines,Slot Machines,vcstd,Vacation Station Deluxe,假日车站豪华版
Slots,Slot Machines,Slot Machines,shmst,Sherlock Mystery,神秘夏洛克
Slots,Slot Machines,Slot Machines,fxf,Fortunes of the Fox,狐媚宝藏
Slots,Slot Machines,Slot Machines,mcb,Mr. Cashback,返利先生
Slots,Slot Machines,Slot Machines,jnglg,Jungle Giants,丛林巨兽
Slots,Slot Machines,Slot Machines,eas,Easter Surprise,复活节惊喜
Slots,Slot Machines,Slot Machines,er,Vacation Station,假日车站
Slots,Slot Machines,Slot Machines,bfb,Buffalo Blitz,水牛闪电战
Slots,Slot Machines,Slot Machines,ashhotj,Heart of the Jungle,丛林之心
Slots,Slot Machines,Slot Machines,bt,Bermuda Triangle,百慕大三角
Slots,Slot Machines,Slot Machines,sfh,Safari Heat,非洲炙热
Slots,Slot Machines,Slot Machines,yclong,Yun Cong Long,云从龙
Slots,Slot Machines,Slot Machines,lm,Lotto Madness,疯狂乐透
Slots,Slot Machines,Slot Machines,gtsatq,Atlantis Queen,亚特兰蒂斯女王
Slots,Slot Machines,Slot Machines,ashhof,Heart of the Frontier,边境之心
Slots,Slot Machines,Slot Machines,fm,Funky Monkey,古怪猴子
Slots,Slot Machines,Slot Machines,sib,Silver Bullet,银色子弹
Slots,Slot Machines,Slot Machines,drgch,Dragon Champions,龙之战士
Slots,Slot Machines,Slot Machines,samz,Secrets of the Amazon,亚马逊之秘密
Slots,Slot Machines,Slot Machines,donq,The Riches of Don Quixote,唐吉诃德的财富
Slots,Slot Machines,Slot Machines,epa,Epic Ape,猿人传奇
Slots,Slot Machines,Slot Machines,tpd2,Thai Paradise,泰香苑
Slots,Slot Machines,Slot Machines,legwld,Legacy of the Wild,野外宝藏
Slots,Slot Machines,Slot Machines,bob,Bonus Bears,奖金熊
Slots,Slot Machines,Slot Machines,gtswg,Wild Gambler,疯狂赌徒
Slots,Slot Machines,Slot Machines,whk,White King,白狮王
Slots,Slot Machines,Slot Machines,nk,Neptune's Kingdom,海王星王国
Slots,Slot Machines,Slot Machines,anwild,Anaconda Wild,狂野蟒蛇
Slots,Slot Machines,Jackpot Slots,fcgz,Fei Cui Gong Zhu,翡翠公主
Slots,Slot Machines,Slot Machines,gtsfc,Football Carnival,英式足球嘉年华
Slots,Slot Machines,Slot Machines,ct,Captain Treasure,船长宝藏
Slots,Slot Machines,Slot Machines,bib,Great Blue,湛蓝深海
Slots,Slot Machines,Slot Machines,pgv,Penguin Vacation,企鹅度假
Slots,Slot Machines,Slot Machines,ssp,Santa Surprise,圣诞惊喜
Slots,Slot Machines,Slot Machines,sis,Silent Samurai,忍者风云
Slots,Slot Machines,Slot Machines,bs,Bai Shi,白狮
Slots,Slot Machines,Slot Machines,trl,True Love,真挚之恋
Slots,Slot Machines,Slot Machines,ub,Ugga Bugga,部落生活
Slots,Slot Machines,Slot Machines,ashicv,Ice Cave,冰穴
Slots,Slot Machines,Slot Machines,paw,Piggies and the Wolf,小猪与狼
Slots,Slot Machines,Slot Machines,hh,Haunted House,鬼屋
Slots,Slot Machines,Slot Machines,gtsgme,The Great Ming Empire,大明帝国
Slots,Slot Machines,Slot Machines,mfrt,Miss Fortune,命运女神
Slots,Slot Machines,Slot Machines,arc,Archer,弓箭手
Slots,Slot Machines,Slot Machines,dnr,Dolphin Reef,海豚礁堡
Slots,Slot Machines,Slot Machines,wlg,Wu Long,舞龙
Slots,Slot Machines,Slot Machines,irl,Irish Luck,幸运爱尔兰
Slots,Slot Machines,Slot Machines,c7,Crazy 7,疯狂7
Slots,Slot Machines,Slot Machines,whk2,White King II,白狮王2
Slots,Slot Machines,Slot Machines,hlf,Halloween Fortune,万圣节财富
Slots,Slot Machines,Slot Machines,mgstk,Magical Stacks,魔法堆叠
Slots,Slot Machines,Slot Machines,rng2,Rome and Glory,罗马荣耀
Slots,Slot Machines,Slot Machines,catqc,Cat Queen,猫女王
Slots,Slot Machines,Slot Machines,gtspor,Plenty O'Fortune,财富海洋
Slots,Slot Machines,Slot Machines,popc,Gaelic Luck,幸运盖尔
Slots,Slot Machines,Slot Machines,hb,A Night Out,狂欢夜
Slots,Slot Machines,Slot Machines,ashsbd,Sinbad's Golden Voyage,辛巴达的黄金之旅
Slots,Slot Machines,Slot Machines,fbr,Football Rules,英式足球
Slots,Slot Machines,Slot Machines,zcjb,Zhao Cai Jin Bao,招财进宝
Slots,Slot Machines,Slot Machines,pst,Pharaoh's Secrets,法老王的秘密
Slots,Slot Machines,Slot Machines,cm,Chinese Kitchen,中式厨房
Slots,Slot Machines,Slot Machines,www,Wolves Wolves Wolves,狼狼狼
Slots,Slot Machines,Slot Machines,totl,Treasures of the Lamps,神灯宝藏
Slots,Slot Machines,Slot Machines,strsawk,Stars Awakening,星球觉醒
Slots,Slot Machines,Slot Machines,scrdstns,Sacred Stones,神石
Slots,Slot Machines,Slot Machines,rrd,Royal Respin Deluxe,皇家重转豪华版
Slots,Slot Machines,Slot Machines,mwilds,Maji Wilds,马基荒野
Slots,Slot Machines,Slot Machines,murder,Murder Mystery,谋杀之谜
Slots,Slot Machines,Slot Machines,lumli,Luminous Life,闪耀生命
Slots,Slot Machines,Slot Machines,jdlo,Juego De La Oca,赛鹅图
Slots,Slot Machines,Slot Machines,hwilds,Hologram Wilds,全息荒野
Slots,Slot Machines,Slot Machines,gemheat,Gem Heat,宝石狂热
Slots,Slot Machines,Slot Machines,galst,Galactic Streak,银河斑纹
Slots,Slot Machines,Slot Machines,dvncv,Da Vinci's Vault,达芬奇之顶
Slots,Slot Machines,Slot Machines,bup,Buckle Up,系上安全带
Slots,Slot Machines,Slot Machines,bigsh,Big Shots,大人物
Slots,Slot Machines,Slot Machines,bbbo,Berry Berry Bonanza,浆果大富园
Slots,Slot Machines,Slot Machines,ashjut,Jungle Trouble,丛林危机
Slots,Slot Machines,Slot Machines,ashjid,Jurassic Island,侏罗纪岛
Slots,Slot Machines,Slot Machines,ashfgf,Fairground Fortunes Ghost Train,好运连连幽灵火车
Slots,Slot Machines,Slot Machines,agoeg,Age of Egypt,埃及时代
Slots,Slot Machines,Slot Machines,gtsje,Jade Emperor Yu Huang Da Di,玉皇大帝
Slots,Slot Machines,Slot Machines,ght_a,Lie Yan Zuan Shi,烈焰钻石
Slots,Slot Machines,Slot Machines,gtsswk,Sun WuKong,孙悟空
Slots,Slot Machines,Slot Machines,gtsjxb,Ji Xiang 8,吉祥8
Slots,Slot Machines,Slot Machines,hlf2,Halloween Fortune 2,万圣节财富2
Slots,Slot Machines,Slot Machines,gtsflzt,Fei Long Zai Tian,飞龙在天
Slots,Slot Machines,Slot Machines,trpmnk,Triple Monkey,三倍猴子
Slots,Slot Machines,Slot Machines,asfa,Asian Fantasy,亚洲幻想
Slots,Slot Machines,Slot Machines,frtln,Fortune Lions,幸运狮子
Slots,Slot Machines,Slot Machines,hotktv,Hot KTV,火热KTV
Slots,Slot Machines,Slot Machines,heavru,Heavenly Ruler,武则天
Slots,Slot Machines,Slot Machines,fkmj,Feng Kuang Ma Jiang,疯狂麻将
Slots,Slot Machines,Slot Machines,chao,Chaoji 888,超级888
Slots,Slot Machines,Slot Machines,fday,Fortune Day,幸运日
Slots,Slot Machines,Slot Machines,longlong,Long Long Long,龙龙龙
Slots,Slot Machines,Slot Machines,ririjc,Ri Ri Jin Cai,日日进财
Slots,Slot Machines,Slot Machines,gemq,Gem Queen,宝石女王
Slots,Slot Machines,Slot Machines,zctz,Zhao Cai Tong Zi,招财童子
Slots,Slot Machines,Slot Machines,sx,Si Xiang,四象
Slots,Slot Machines,Slot Machines,qnw,Queen of Wands,王后的权杖
Slots,Slot Machines,Slot Machines,jqw,Jin Qian Wa,金钱蛙
Slots,Table Games,Roulette Games,sbro,Spread Bet Roulette,轮盘赌分散打
Slots,Table Games,Roulette Games,ro_g,Premium European Roulette,奖金欧式轮盘
Slots,Table Games,Roulette Games,mobro,Mobile Roulette,轮盘赌
Slots,Table Games,Roulette Games,drgro,Dragon Jackpot Roulette,巨龙彩池轮盘
Slots,Table Games,Roulette Games,ro,Classic Roulette,经典轮盘
Slots,Table Games,Roulette Games,rodz_g,Premium American Roulette,奖金美式轮盘
Slots,Table Games,Roulette Games,aogro,Age of the Gods Roulette,众神时代轮盘
Slots,Table Games,Roulette Games,dbro,Diamond Bet Roulette,钻石拼轮盘赌
Slots,Table Games,Roulette Games,supro,Super Roulette,超级轮盘
Slots,Table Games,Roulette Games,ro101,101 Roulette,101轮盘
Slots,Table Games,Roulette Games,qro,Quantum Roulette Instant Play,翻倍轮盘
Slots,Table Games,Roulette Games,prol,Penny Roulette,轮盘小额版
Slots,Table Games,Roulette Games,presrol,Roulette Deluxe,轮盘豪华版
Slots,Table Games,Roulette Games,frr_g,Premium French Roulette,法式奖金轮盘赌
Slots,Table Games,Roulette Games,db1000ro,1000 Diamond Bet Roulette,1000钻石轮盘赌
Slots,Table Games,Roulette Games,mfbro,Mega Fire Blaze: Roulette,百万烈焰大奖：轮盘
Slots,Video Pokers,Poker Games,po,Jacks or Better,杰克高手
Slots,Video Pokers,Poker Games,jp,Joker Poker,小丑扑克
Slots,Video Pokers,Poker Games,jb_mh,Jacks or Better Multi-Hand,多幅杰克高手
Slots,Video Pokers,Poker Games,dw_mh,Deuces Wild Multi-Hand,演绎狂野
Slots,Video Pokers,Poker Games,af_mh,Aces and Faces Multi-Hand,最佳拍档
Live Dealer,Live Dealer,Live Dealer,ubal,Baccarat,百家乐
Live Dealer,Live Dealer,Live Dealer,ubal,Baccarat NC,免佣百家乐
Live Dealer,Live Dealer,Live Dealer,dtl,Dragon Tiger,龙虎
Live Dealer,Live Dealer,Live Dealer,ubal,Grand Baccarat,豪华百家乐
Live Dealer,Live Dealer,Live Dealer,ubal,Grand Baccarat NC,免佣豪华百家乐
Live Dealer,Live Dealer,Live Dealer,ubal,Lounge 7 Seat Baccarat,7席百家乐
Live Dealer,Live Dealer,Live Dealer,ubal,Lounge 7 Seat Baccarat NC,免佣7席百家乐
Live Dealer,Live Dealer,Live Dealer,ubal,Prestige Baccarat,声望百家乐
Live Dealer,Live Dealer,Live Dealer,ubal,Prestige Baccarat NC,免佣声望百家乐
Live Dealer,Live Dealer,Live Dealer,sbdl,SicBo Deluxe,骰宝豪华版
Live Dealer,Live Dealer,Live Dealer,ubal,Soho Baccarat,苏豪百家乐
Live Dealer,Live Dealer,Live Dealer,ubal,Soho Baccarat NC,免佣苏豪百家乐
Live Dealer,Live Dealer,Live Dealer,ubal,Speed Baccarat,急速百家乐
Live Dealer,Live Dealer,Live Dealer,ubal,Speed Baccarat NC,免佣急速百家乐
Live Dealer,Live Dealer,Live Dealer,ubal,VIP Baccarat,VIP百家乐
Live Dealer,Live Dealer,Live Dealer,ubal,VIP Baccarat NC,免佣VIP百家乐
Live Dealer,Live Dealer,Live Dealer,abl,Andar Bahar Live,真人安达
Live Dealer,Live Dealer,Live Dealer,bs_bal,Bet on Baccarat Live,真人赌百家乐
Live Dealer,Live Dealer,Live Dealer,bs_dtl,Bet On Dragon Tiger Live,真人赌龙虎
Live Dealer,Live Dealer,Live Dealer,ubal,Japanese Squeeze Baccarat,日本咪牌百家乐
Live Dealer,Live Dealer,Live Dealer,ubal,Japanese Squeeze Baccarat NC,日本免佣咪牌百家乐
Live Dealer,Live Dealer,Live Dealer,ubal,Ru Yi Speed Baccarat,如意急速百家乐
Live Dealer,Live Dealer,Live Dealer,ubal,Ru Yi Speed Baccarat NC,如意免佣急速百家乐
Live Dealer,Live Dealer,Live Dealer,ubal,Speed Baccarat 1,急速百家乐1
Live Dealer,Live Dealer,Live Dealer,ubal,Speed Baccarat 1 NC,免佣急速百家乐1
Live Dealer,Live Dealer,Live Dealer,ubal,Speed Baccarat 2,急速百家乐2
Live Dealer,Live Dealer,Live Dealer,ubal,Speed Baccarat 2 NC,免佣急速百家乐2
Live Dealer,Live Dealer,Live Dealer,sbl,Sic Bo,骰宝
Live Dealer,Live Dealer,Live Dealer,cbjl,Italian Cashback Blackjack,真人意大利返现21点
Live Dealer,Live Dealer,Live Dealer,bjl,Alexandrite Blackjack,变石21点
Live Dealer,Live Dealer,Live Dealer,abjl,All Bets Blackjack,全押注21点
Live Dealer,Live Dealer,Live Dealer,bjl,Blackjack 1,21点
Live Dealer,Live Dealer,Live Dealer,bjl,Blackjack Italiano 1,意大利语21点
Live Dealer,Live Dealer,Live Dealer,bjl,Blackjack Italiano 2,意大利语21点
Live Dealer,Live Dealer,Live Dealer,bjl,Blackjack Italiano VIP,意大利语21点VIP
Live Dealer,Live Dealer,Live Dealer,bjl,Deutsches Blackjack,德语21点
Live Dealer,Live Dealer,Live Dealer,bjl,Grand Blackjack,豪华21点
Live Dealer,Live Dealer,Live Dealer,bjl,Lounge Blackjack 8,21点
Live Dealer,Live Dealer,Live Dealer,bjl,Blackjack 1,21点
Live Dealer,Live Dealer,Live Dealer,bjl,Blackjack 2,21点
Live Dealer,Live Dealer,Live Dealer,bjl,Blackjack 3,21点
Live Dealer,Live Dealer,Live Dealer,bjl,Blackjack 4,21点
Live Dealer,Live Dealer,Live Dealer,bjl,Blackjack 5,21点
Live Dealer,Live Dealer,Live Dealer,bjl,Blackjack 6,21点
Live Dealer,Live Dealer,Live Dealer,bjl,Blackjack 7,21点
Live Dealer,Live Dealer,Live Dealer,bjl,Blackjack 8,21点
Live Dealer,Live Dealer,Live Dealer,bjl,Blackjack 9,21点
Live Dealer,Live Dealer,Live Dealer,msbjl,Majority Rules Speed Blackjack,急速多数规则21点
Live Dealer,Live Dealer,Live Dealer,bjl,Royale Blackjack 1,皇家21点
Live Dealer,Live Dealer,Live Dealer,rbj,Royale Blackjack 2,皇家21点
Live Dealer,Live Dealer,Live Dealer,bjl,Royale Blackjack 3,皇家21点
Live Dealer,Live Dealer,Live Dealer,bjl,Royale Blackjack 5,皇家21点
Live Dealer,Live Dealer,Live Dealer,7eml,Sette E Mezzo,7点半
Live Dealer,Live Dealer,Live Dealer,abjl,Soho All Bets Blackjack,苏豪全押注21点
Live Dealer,Live Dealer,Live Dealer,bjl,Soho Blackjack 1,苏豪21点
Live Dealer,Live Dealer,Live Dealer,bjl,Soiree Blackjack 1,晚会21点
Live Dealer,Live Dealer,Live Dealer,bjl,Soirée Elite Blackjack 1,精英晚会21点
Live Dealer,Live Dealer,Live Dealer,bjl,Soirée Elite Blackjack 2,精英晚会21点
Live Dealer,Live Dealer,Live Dealer,bjl,Soirée Elite VIP Blackjack,精英晚会21点VIP
Live Dealer,Live Dealer,Live Dealer,bjl,Soirée Elite VIP Blackjack 2,精英晚会21点VIP
Live Dealer,Live Dealer,Live Dealer,ubjl,Unlimited Blackjack,无限制21点
Live Dealer,Live Dealer,Live Dealer,qabjlp,Quantum Blackjack Plus,限量21点升级版
Live Dealer,Live Dealer,Live Dealer,abwl,Adventures Beyond Wonderland,真人仙境冒险
Live Dealer,Live Dealer,Live Dealer,bfbl,Buffalo Blitz Live Slots,真人老虎机水牛闪电战
Live Dealer,Live Dealer,Live Dealer,gosl,God Of Storms Live Slots,真人老虎机风暴之神
Live Dealer,Live Dealer,Live Dealer,hilol,Hi-Lo,高低牌
Live Dealer,Live Dealer,Live Dealer,swl,Spin a Win,赢利转盘
Live Dealer,Live Dealer,Live Dealer,bfbl,Buffalo Blitz España,水牛闪电战西班牙
Live Dealer,Live Dealer,Live Dealer,swle,Spin a Win Wild Live,疯狂赢利转盘
Live Dealer,Live Dealer,Live Dealer,ejl,Everybody's Jackpot Live,真人众人彩池
Live Dealer,Live Dealer,Live Dealer,tgcsl,The Greatest Cards Show,最伟大的纸牌秀
Live Dealer,Live Dealer,Live Dealer,3brgl,3 Card Brag,三张扑克牌
Live Dealer,Live Dealer,Live Dealer,chel,Casino Hold´em,赌场德州扑克
Live Dealer,Live Dealer,Live Dealer,cspljpt,Casino Stud Poker,赌场梭哈扑克
Live Dealer,Live Dealer,Live Dealer,huhl,Heads up Holdem,单挑德州扑克
Live Dealer,Live Dealer,Live Dealer,bs_pokl,Bet on Poker Live,真人赌扑克
Live Dealer,Live Dealer,Live Dealer,tpl,Teen Patti Live,真人三张牌
Live Dealer,Live Dealer,Live Dealer,aogjbrol,Age of the Gods Bonus Roulette,真人众神时代奖金轮盘
Live Dealer,Live Dealer,Live Dealer,rodzl,American Roulette,美式轮盘
Live Dealer,Live Dealer,Live Dealer,rol,Brussels Roulette,布鲁塞尔轮盘
Live Dealer,Live Dealer,Live Dealer,rofl,Casiopea Francesa Ruleta,法国仙后座轮盘
Live Dealer,Live Dealer,Live Dealer,rol,Casiopea Ruleta,仙后座轮盘
Live Dealer,Live Dealer,Live Dealer,rol,Deutsches Roulette,德国轮盘
Live Dealer,Live Dealer,Live Dealer,frofl,Football French Roulette,足球法式轮盘
Live Dealer,Live Dealer,Live Dealer,frol,Football Roulette,足球轮盘
Live Dealer,Live Dealer,Live Dealer,rofl,French Roulette,法式轮盘
Live Dealer,Live Dealer,Live Dealer,rol,Greek Roulette,希腊轮盘
Live Dealer,Live Dealer,Live Dealer,rol,Hindi Roulette,印度语轮盘
Live Dealer,Live Dealer,Live Dealer,rol,Prestige Roulette,声望轮盘
Live Dealer,Live Dealer,Live Dealer,rol,Prime Slingshot,优质弹珠
Live Dealer,Live Dealer,Live Dealer,qrol,Quantum Auto Roulette,限量自动轮盘
Live Dealer,Live Dealer,Live Dealer,qrol,Quantum Roulette Live,真人限量轮盘
Live Dealer,Live Dealer,Live Dealer,qrol,Quantum Ruleta,限量轮盘
Live Dealer,Live Dealer,Live Dealer,rol,Roleta Brasileira,巴西轮盘
Live Dealer,Live Dealer,Live Dealer,rol,Roulette,轮盘
Live Dealer,Live Dealer,Live Dealer,rol,Roulette Italiana,意大利轮盘
Live Dealer,Live Dealer,Live Dealer,rol,Ruleta Express,快速轮盘
Live Dealer,Live Dealer,Live Dealer,rol,Slingshot,弹珠
Live Dealer,Live Dealer,Live Dealer,rol,Slingshot Ruleta,弹珠轮盘
Live Dealer,Live Dealer,Live Dealer,rol,Slingshot Ruleta España,西班牙弹珠轮盘
Live Dealer,Live Dealer,Live Dealer,rol,Speed Roulette,急速轮盘
Live Dealer,Live Dealer,Live Dealer,sprol,Spread Bet Roulette,分散下注轮盘
Live Dealer,Live Dealer,Live Dealer,rol,Bucharest Roulette,胜利轮盘
Live Dealer,Live Dealer,Live Dealer,rofl,Bucharest Roulette French,法式胜利轮盘
Live Dealer,Live Dealer,Live Dealer,rol,Turkish Roulette,土耳其语轮盘
Live Dealer,Live Dealer,Live Dealer,rol,UK Roulette,英国轮盘
Live Dealer,Live Dealer,Live Dealer,fbrol,Mega Fire Blaze Roulette Live,百万烈焰大奖：真人轮盘
Live Dealer,Live Dealer,Live Dealer,qrodzl,x1000 Quantum Roulette,1000倍限量轮盘
Live Dealer,Live Dealer,Live Dealer,rol,Arabic Roulette,阿拉伯轮盘
Live Dealer,Live Dealer,Live Dealer,fbrol,Mega Fire Blaze Ruleta Espana,百万烈焰大奖：轮盘西班牙
Live Dealer,Live Dealer,Live Dealer,rol,Auto Roulette 2,自动轮盘赌 2