SLOT,Slot Machines,Slot Machines,paw,Piggies and the Wolf,小猪与狼
SLOT,Slot Machines,Slot Machines,hh,Haunted House,鬼屋
SLOT,Slot Machines,Slot Machines,gtsgme,The Great Ming Empire,大明帝国
SLOT,Slot Machines,Slot Machines,mfrt,Miss Fortune,命运女神
SLOT,Slot Machines,Slot Machines,arc,Archer,弓箭手
SLOT,Slot Machines,Slot Machines,dnr,Dolphin Reef,海豚礁堡
SLOT,Slot Machines,Slot Machines,wlg,Wu Long,舞龙
SLOT,Slot Machines,Slot Machines,irl,Irish Luck,幸运爱尔兰
SLOT,Slot Machines,Slot Machines,c7,Crazy 7,疯狂7
SLOT,Slot Machines,Slot Machines,whk2,White King II,白狮王2
SLOT,Slot Machines,Slot Machines,hlf,Halloween Fortune,万圣节财富
SLOT,Slot Machines,Slot Machines,mgstk,Magical Stacks,魔法堆叠
SLOT,Slot Machines,Slot Machines,rng2,Rome and Glory,罗马荣耀
SLOT,Slot Machines,Slot Machines,catqc,Cat Queen,猫女王
SLOT,Slot Machines,Slot Machines,gtspor,Plenty O'Fortune,财富海洋
SLOT,Slot Machines,Slot Machines,popc,Gaelic Luck,幸运盖尔
SLOT,Slot Machines,Slot Machines,hb,A Night Out,狂欢夜
SLOT,Slot Machines,Slot Machines,ashsbd,Sinbad's Golden Voyage,辛巴达的黄金之旅
SLOT,Slot Machines,Slot Machines,fbr,Football Rules,英式足球
SLOT,Slot Machines,Slot Machines,zcjb,Zhao Cai Jin Bao,招财进宝
SLOT,Slot Machines,Slot Machines,pst,Pharaoh's Secrets,法老王的秘密
SLOT,Slot Machines,Slot Machines,cm,Chinese Kitchen,中式厨房
SLOT,Slot Machines,Slot Machines,www,Wolves Wolves Wolves,狼狼狼
SLOT,Slot Machines,Slot Machines,totl,Treasures of the Lamps,神灯宝藏
SLOT,Slot Machines,Slot Machines,strsawk,Stars Awakening,星球觉醒
SLOT,Slot Machines,Slot Machines,scrdstns,Sacred Stones,神石
SLOT,Slot Machines,Slot Machines,rrd,Royal Respin Deluxe,皇家重转豪华版
SLOT,Slot Machines,Slot Machines,mwilds,Maji Wilds,马基荒野
SLOT,Slot Machines,Slot Machines,murder,Murder Mystery,谋杀之谜
SLOT,Slot Machines,Slot Machines,lumli,Luminous Life,闪耀生命
SLOT,Slot Machines,Slot Machines,jdlo,Juego De La Oca,赛鹅图
SLOT,Slot Machines,Slot Machines,hwilds,Hologram Wilds,全息荒野
SLOT,Slot Machines,Slot Machines,gemheat,Gem Heat,宝石狂热
SLOT,Slot Machines,Slot Machines,galst,Galactic Streak,银河斑纹
SLOT,Slot Machines,Slot Machines,dvncv,Da Vinci's Vault,达芬奇之顶
SLOT,Slot Machines,Slot Machines,bup,Buckle Up,系上安全带
SLOT,Slot Machines,Slot Machines,bigsh,Big Shots,大人物
SLOT,Slot Machines,Slot Machines,bbbo,Berry Berry Bonanza,浆果大富园
SLOT,Slot Machines,Slot Machines,ashjut,Jungle Trouble,丛林危机
SLOT,Slot Machines,Slot Machines,ashjid,Jurassic Island,侏罗纪岛
SLOT,Slot Machines,Slot Machines,ashfgf,Fairground Fortunes Ghost Train,好运连连幽灵火车
SLOT,Slot Machines,Slot Machines,agoeg,Age of Egypt,埃及时代
SLOT,Slot Machines,Slot Machines,gtsje,Jade Emperor Yu Huang Da Di,玉皇大帝
SLOT,Slot Machines,Slot Machines,ght_a,Lie Yan Zuan Shi,烈焰钻石
SLOT,Slot Machines,Slot Machines,gtsswk,Sun WuKong,孙悟空
SLOT,Slot Machines,Slot Machines,gtsjxb,Ji Xiang 8,吉祥8
SLOT,Slot Machines,Slot Machines,hlf2,Halloween Fortune 2,万圣节财富2
SLOT,Slot Machines,Slot Machines,gtsflzt,Fei Long Zai Tian,飞龙在天
SLOT,Slot Machines,Slot Machines,trpmnk,Triple Monkey,三倍猴子
SLOT,Slot Machines,Slot Machines,asfa,Asian Fantasy,亚洲幻想
SLOT,Slot Machines,Slot Machines,frtln,Fortune Lions,幸运狮子
SLOT,Slot Machines,Slot Machines,hotktv,Hot KTV,火热KTV
SLOT,Slot Machines,Slot Machines,heavru,Heavenly Ruler,武则天
SLOT,Slot Machines,Slot Machines,fkmj,Feng Kuang Ma Jiang,疯狂麻将
SLOT,Slot Machines,Slot Machines,chao,Chaoji 888,超级888
SLOT,Slot Machines,Slot Machines,fday,Fortune Day,幸运日
SLOT,Slot Machines,Slot Machines,longlong,Long Long Long,龙龙龙
SLOT,Slot Machines,Slot Machines,ririjc,Ri Ri Jin Cai,日日进财
SLOT,Slot Machines,Slot Machines,gemq,Gem Queen,宝石女王
SLOT,Slot Machines,Slot Machines,zctz,Zhao Cai Tong Zi,招财童子
SLOT,Slot Machines,Slot Machines,sx,Si Xiang,四象
SLOT,Slot Machines,Slot Machines,qnw,Queen of Wands,王后的权杖
SLOT,Slot Machines,Slot Machines,jqw,Jin Qian Wa,金钱蛙
SLOT,Table Games,Roulette Games,sbro,Spread Bet Roulette,轮盘赌分散打
SLOT,Table Games,Roulette Games,ro_g,Premium European Roulette,奖金欧式轮盘
SLOT,Table Games,Roulette Games,mobro,Mobile Roulette,轮盘赌
SLOT,Table Games,Roulette Games,drgro,Dragon Jackpot Roulette,巨龙彩池轮盘
SLOT,Table Games,Roulette Games,ro,Classic Roulette,经典轮盘
SLOT,Table Games,Roulette Games,rodz_g,Premium American Roulette,奖金美式轮盘
SLOT,Table Games,Roulette Games,aogro,Age of the Gods Roulette,众神时代轮盘
SLOT,Table Games,Roulette Games,dbro,Diamond Bet Roulette,钻石拼轮盘赌
SLOT,Table Games,Roulette Games,supro,Super Roulette,超级轮盘
SLOT,Table Games,Roulette Games,ro101,101 Roulette,101轮盘
SLOT,Table Games,Roulette Games,qro,Quantum Roulette Instant Play,翻倍轮盘
SLOT,Table Games,Roulette Games,prol,Penny Roulette,轮盘小额版
SLOT,Table Games,Roulette Games,presrol,Roulette Deluxe,轮盘豪华版
SLOT,Table Games,Roulette Games,frr_g,Premium French Roulette,法式奖金轮盘赌
SLOT,Table Games,Roulette Games,db1000ro,1000 Diamond Bet Roulette,1000钻石轮盘赌
SLOT,Table Games,Roulette Games,mfbro,Mega Fire Blaze: Roulette,百万烈焰大奖：轮盘
SLOT,Video Pokers,Poker Games,po,Jacks or Better,杰克高手
SLOT,Video Pokers,Poker Games,jp,Joker Poker,小丑扑克
SLOT,Video Pokers,Poker Games,jb_mh,Jacks or Better Multi-Hand,多幅杰克高手
SLOT,Video Pokers,Poker Games,dw_mh,Deuces Wild Multi-Hand,演绎狂野
SLOT,Video Pokers,Poker Games,af_mh,Aces and Faces Multi-Hand,最佳拍档