Game Type,Game Group,Game Code,Name,,Clients,,Free Game,Promotional,,Jackpot,,,,,RTP,Reels,Lines
,,,English,简体中文,NGM Mobile,NGM Desktop,,Free Spin,Golden chip,Progressive,Contribution %,Jackpot Name,Jackpot Ticker Code,Seed Amount,,,
POP Slots,Slot Machines,pop_bbw_qsp,Big Bad Wolf,大灰狼,1,1,1,0,0,0,N/A,N/A,N/A,N/A,97.34%,3 x 5,25
POP Slots,Slot Machines,pop_93fdb01a_qsp,Cash Truck,现金卡车,1,1,1,0,0,0,N/A,N/A,N/A,N/A,96.00%,4 x 7,20
POP Slots,Slot Machines,pop_winsfortune_qsp,Wins of Fortune,西游财富,1,1,1,0,0,0,N/A,N/A,N/A,N/A,96.54%,5 x 5,76 - 259
POP Slots,Slot Machines,pop_68f6f2e6_qsp,Eastern Emeralds Megaways,至尊宝玉 Megaways,1,1,1,0,0,0,N/A,N/A,N/A,N/A,96.04%,5 x 5,16807
POP Slots,Slot Machines,pop_eastrnemrlds_qsp,Eastern Emeralds,至尊宝玉,1,1,1,0,0,0,N/A,N/A,N/A,N/A,96.58%,3 x 5,20
POP Slots,Slot Machines,pop_dragonshrine_qsp,Dragon Shrine,神龙祭坛,1,1,1,0,0,0,N/A,N/A,N/A,N/A,96.55%,3-4-4-4-3,243
POP Slots,Slot Machines,pop_518163c8_qsp,Sakura Fortune 2,樱花财富 II ,1,1,1,0,0,0,N/A,N/A,N/A,N/A,96.03%,3-4-4-4-3,576
POP Slots,Slot Machines,pop_85462c30_qsp,Big Bad Wolf Megaways,大灰狼 Megaways,1,1,1,0,0,0,N/A,N/A,N/A,N/A,96.05%,3-4-4-4-3,117649
POP Slots,Slot Machines,pop_4512e199_qsp,Raven Rising,渡鸦崛起,1,1,1,0,0,0,N/A,N/A,N/A,N/A,96.07%,3 x 5,20
POP Slots,Slot Machines,pop_b55ba1d4_qsp,Hammer of Vulcan,火神之锤,1,1,1,0,0,0,N/A,N/A,N/A,N/A,95.81%,5 x 6,4096
POP Slots,Slot Machines,gpas_hongem_pop,Honey Gems,蜂蜜宝石,1,1,1,1,0,0,N/A,N/A,N/A,N/A,95.46%,61-cell hexagonal grid,CHAIN REACTOR
POP Jackpot Slots,Jackpot Slots,gpas_azbolipp_pop,Azteca: Bonus Lines Powerplay Jackpot,阿兹特克：奖励线强力累积奖金,1,1,1,1,0,1,2.990%,Powerplay Jackpot,ptjp-1,N/A,95.10%,3 x 5,10
POP Slots,Slot Machines,gpas_devwilds_pop,Devil Wilds,恶魔狂涌,1,1,1,1,0,0,N/A,N/A,N/A,N/A,95.50%,4 × 5,40
POP Slots,Slot Machines,gpas_mountexp_pop,Grand Junction: Mountain Express,大交界处：山地快车,1,1,1,1,0,0,N/A,N/A,N/A,N/A,96.51%,3 x 5,50
POP Slots,Slot Machines,gpas_qctoblo_pop,Fire Blaze: Toltec Blocks,烈焰：托尔特克石块,1,1,1,1,0,0,N/A,N/A,N/A,N/A,95.92%,3 x 3,27
POP Jackpot Slots,Jackpot Slots,gpas_goldstf_pop,Gold Splash: Toots Froots,金币横飞 : 水果大作战,1,1,1,1,0,1,3.990%,Gem Splash Jackpot,gsjp-1,N/A,95.86%,4 × 5,30
POP Jackpot Slots,Jackpot Slots,gpas_aoggosun_pop,Age of the Gods: Helios,众神时代: 太阳神,1,1,1,1,0,1,0.990%,Age of Gods Jackpot,"mrj-1,mrj-2,mrj-3,mrj-4",N/A,94.98%,4 × 5,40
POP Slots,Slot Machines,gpas_eofrome_pop,Mega Fire Blaze: Emperor of Rome,巨型烈焰: 罗马帝王,1,1,1,1,0,0,N/A,N/A,N/A,N/A,94.91%,3x5,30
POP Slots,Slot Machines,gpas_f4ccd_pop,FIRE 4: Cash Collect Quattro,火焰 4：现金收集四合一,1,1,1,1,0,0,N/A,N/A,N/A,N/A,94.80%,4 x (3x5),60
POP Jackpot Slots,Jackpot Slots,gpas_kgomoonpp_pop,Mega Fire Blaze: Khonsu God of Moon PowerPlay Jackpot,巨型烈焰：月亮神孔斯强力累积奖金,1,1,1,1,0,1,2.990%,Powerplay Jackpot,ptjp-1,N/A,95.43%,3x5,30
Arcade,Shooting Games,crit,Cash IT,兑现,1,1,0,0,1,0,N/A,N/A,N/A,N/A,95.99%,N/A,N/A
POP Slots,Slot Machines,gpas_wofire1_pop,Wheels of Flame,火焰之轮,1,1,1,1,0,0,N/A,N/A,N/A,N/A,95.51%,4 × 5,30
POP Slots,Slot Machines,gpas_merfind_pop,Triple Stop: Mermaids Find,三寻：美人鱼,1,1,1,1,0,0,N/A,N/A,N/A,N/A,95.48%,2 x 2 x 3 x 3 x 3,40
POP Jackpot Slots,Jackpot Slots,gpas_mgaogkol_pop,Age of the Gods: King of Olympus Megaways,众神时代：奥林匹斯之王Megaways,1,1,1,1,0,1,0.990%,Age of Gods Jackpot,"mrj-1,mrj-2,mrj-3,mrj-4","Power：€50
Extra Power：€500
Super Power：€5,000
Ultimate Power：€100,000",95.94%,From 2-3-3-3-3-2 to 7-7-7-7-7-7,"from 324 to 117,649 ways"
POP Jackpot Slots,Jackpot Slots,gpas_awild2pp_pop,Anaconda Wild 2 PowerPlay Jackpot,百搭蟒蛇2强力累积奖金,1,1,1,1,0,1,2.99%,Powerplay Jackpot,ptjp-1,N/A,96.48%,4 × 6,50
POP Slots,Slot Machines,gpas_pigeonfs_pop,Pigeons from Space,来自外太空的鸽子,1,1,1,1,0,0,N/A,N/A,N/A,N/A,95.97%,3 x 4 x 5 x 4 x 3 ,36
POP Jackpot Slots,Jackpot Slots,gpas_amammothpp_pop,Absolutely Mammoth PowerPlay Jackpot,绝对长毛象强力累积奖金,1,1,1,1,0,1,2.99%,Powerplay Jackpot,ptjp-1,N/A,96.47%,4x5,1024
POP Jackpot Slots,Jackpot Slots,gpas_hgextremepp_pop,Hot Gems Xtreme PowerPlay Jackpot,极限热辣宝石强力累计奖金,1,1,1,1,0,1,2.99%,Powerplay Jackpot,ptjp-1,N/A,94.94%,from 4x6 to 8x6 ,"from 4096 to 262,144 ways "
POP Slots,Slot Machines,gpas_sfortune_pop,Sakura Fortune,樱花财富,1,1,1,1,0,0,N/A,N/A,N/A,N/A,96.53%,4x5,40
Card Games,Blackjack Games,pfbj_mh5,Perfect Blackjack Multihand 5,完美21点,1,1,0,0,1,0,N/A,N/A,N/A,N/A,99.58%,N/A,N/A
Card Games,Poker Games,cheaa,Casino Hold'Em,赌场德州扑克,1,1,0,0,0,0,N/A,N/A,N/A,N/A,97.87%,N/A,N/A
Card Games,Blackjack Games,bjcb,Cashback Blackjack,返现21点,1,1,0,0,0,0,N/A,N/A,N/A,N/A,99.55%,N/A,N/A
Card Games,Blackjack Games,bjto,Premium Blackjack,欧式奖金21点,1,1,0,0,1,0,N/A,N/A,N/A,N/A,99.58%,N/A,N/A
Card Games,Blackjack Games,fcbj,Free Chip Blackjack,免费筹码21点,1,1,0,0,1,0,N/A,N/A,N/A,N/A,99.23%,N/A,N/A
Card Games,Poker Games,huh,Heads Up Hold'em,足智多谋 Hold'Em,1,1,0,0,1,0,N/A,N/A,N/A,N/A,97.64%,N/A,N/A
Card Games,Blackjack Games,mobbj,Mobile Blackjack,21点,1,1,0,0,1,0,N/A,N/A,N/A,N/A,99.58%,N/A,N/A
Card Games,Blackjack Games,bjsd2,Blackjack Surrender,投降21点,1,1,0,0,0,0,N/A,N/A,N/A,N/A,99.62%,N/A,N/A
Card Games,Blackjack Games,abbj,All Bets Blackjack,专赌21点,1,1,0,0,1,1,3.000%,All Bets Blackjack Jackpot,abbj,N/A,99.53%,N/A,N/A
Card Games,Baccarat Games,ba,Baccarat,百家乐,1,1,0,0,1,0,N/A,N/A,N/A,N/A,98.94%,N/A,N/A
Card Games,Poker Games,3cb,3 Card Brag,三张扑克牌,1,1,0,0,1,0,N/A,N/A,N/A,N/A,98.00%,N/A,N/A
Card Games,Poker Games,car,Caribbean Stud Poker,加勒比扑克,1,1,0,0,0,1,75.000%,Caribbean Stud Poker Jackpot,car,N/A,90.33%,N/A,N/A
Card Games,Table Games,sem,7 e mezzo,7e女中音,1,1,0,0,1,0,N/A,N/A,N/A,N/A,99.54%,N/A,N/A
Card Games,Poker Games,hilop,Hi-Lo Premium,奖金高低牌,1,1,0,0,0,0,N/A,N/A,N/A,N/A,97.50%,N/A,N/A
Card Games,Blackjack Games,bjto_sh,Premium Blackjack Single Hand,奖金21点,1,1,0,0,1,0,N/A,N/A,N/A,N/A,99.58%,N/A,N/A
Card Games,Blackjack Games,bjs,Blackjack Switch,转换21点,1,0,0,0,0,0,N/A,N/A,N/A,N/A,99.87%,N/A,N/A
Card Games,Blackjack Games,bjll,Lucky Lucky Blackjack,幸运21点,1,1,0,0,0,0,N/A,N/A,N/A,N/A,95.72%,N/A,N/A
Card Games,Blackjack Games,bjbu,Buster Blackjack,爆裂21点,1,1,0,0,1,0,N/A,N/A,N/A,N/A,99.58%,N/A,N/A
Card Games,Blackjack Games,bj65,Vegas Blackjack,维加斯21点,1,1,0,0,0,0,N/A,N/A,N/A,N/A,98.34%,N/A,N/A
Card Games,Baccarat Games,pop_hitmebccrt_eye,Hit me Baccarat,玩转百家乐,1,1,0,0,0,0,N/A,N/A,N/A,N/A,98.24%,N/A,N/A
Card Games,Baccarat Games,premba,Premium Baccarat,奖金百家乐,1,1,0,0,1,1,2.000%,Dragon Jackpot,drgj-1,"Green: €10
Blue: €100
Red: €1,000
Yellow: €20,000",98.76%,N/A,N/A
Fixed Odds,Roulette Games,mro,Mini Roulette,迷你轮盘,1,1,0,0,0,0,N/A,N/A,N/A,N/A,96.15%,N/A,N/A
Fixed Odds,Roulette Games,pbro,Pinball Roulette,弹珠轮盘,1,0,0,0,0,0,N/A,N/A,N/A,N/A,97.30%,N/A,N/A
Fixed Odds,Roulette Games,lwh,Spin a Win,赢利转盘,1,0,0,0,0,0,N/A,N/A,N/A,N/A,97.50%,N/A,N/A
Fixed Odds,Roulette Games,wop,Age of the Gods Spin A Win,众神时代赢利转盘,1,1,0,0,0,1,0.990%,Age of the Gods™ Jackpot,mrj,N/A,95.43% - 97.50%,N/A,N/A
Mini games,Blackjack Games,mbj,Mini Blackjack,迷你21点,0,1,0,0,0,0,N/A,N/A,N/A,N/A,99.58%,N/A,N/A
POP Slots,Slot Machines,gpas_btbandit_pop,Bonus Train Bandits,奖金火车土匪,1,1,1,1,0,0,N/A,N/A,N/A,N/A,96.12%,3×5,20
POP Slots,Slot Machines,gpas_sorome_pop,Shields of Rome,罗马之盾,1,1,1,1,0,0,N/A,N/A,N/A,N/A,95.20%,4X5,40
POP Slots,Slot Machines,gpas_gtreveal_pop,The Great Reveal,伟大的表演,1,1,1,1,0,0,N/A,N/A,N/A,N/A,96.60%,4x5,40
POP Slots,Slot Machines,gpas_squeen_pop,Sky Queen,天之女王,1,1,0,1,0,0,N/A,N/A,N/A,N/A,96.58%,3x5,50
POP Slots,Slot Machines,gpas_sjungle_pop,Savage Jungle,野蛮丛林,1,1,1,1,0,0,N/A,N/A,N/A,N/A,96.54%,4x5,50
POP Slots,Slot Machines,gpas_tsgift_pop,Tsai Shen's Gift,财神兴盛,1,1,1,1,0,0,N/A,N/A,N/A,N/A,96.50%,3x5,50
POP Slots,Slot Machines,gpas_tigertdp_pop,"Tiger, Turtle, Dragon, Phoenix","青龙,白虎,朱雀,玄武",1,1,1,1,0,0,N/A,N/A,N/A,N/A,96.94%,3x5,243
POP Slots,Slot Machines,gpas_starsablaze_pop,Stars Ablaze,星星闪耀,1,1,0,1,0,0,N/A,N/A,N/A,N/A,95.50%,3x5,5
POP Slots,Slot Machines,gpas_dbond_pop,Dragon Bond,龙门传说,1,1,1,1,0,0,N/A,N/A,N/A,N/A,96.86%,4x6,50
POP Slots,Slot Machines,gpas_fatchoy_pop,Fat Choy Choy Sun,发财财神,1,1,1,1,0,0,N/A,N/A,N/A,N/A,96.86%,4x6,50
POP Slots,Slot Machines,gpas_jflong_pop,Jinfu Long,金福龙,1,1,1,1,0,0,N/A,N/A,N/A,N/A,96.86%,4x6,50
POP Slots,Slot Machines,gpas_xjinfu_pop,Jinfu Xingyun,金福幸运,1,1,1,1,0,0,N/A,N/A,N/A,N/A,96.86%,4x6,50
POP Slots,Slot Machines,gpas_nsshen_pop,Ni Shu Shen Me,你属什么,1,1,1,0,0,0,N/A,N/A,N/A,N/A,96.86%,4x6,50
POP Slots,Slot Machines,gpas_vampirep_pop,Vampire Princess of Darkness,暗黑吸血鬼公主,1,1,0,1,0,0,N/A,N/A,N/A,N/A,95.50%,3×5,30
POP Slots,Slot Machines,gpas_eliminators_pop,Eliminators,毁灭拳手,1,1,0,1,0,0,N/A,N/A,N/A,N/A,95.76%,3x5,10
POP Slots,Slot Machines,gpas_pumpkinb_pop,Pumpkin Bonanza,南瓜富矿,1,1,0,1,0,0,N/A,N/A,N/A,N/A,95.52%,4x6,50
POP Slots,Slot Machines,gpas_selfelf_pop,Selfie Elfie,自拍狂人,1,1,0,1,0,0,N/A,N/A,N/A,N/A,96.13%,3x5,243
POP Slots,Slot Machines,gpas_elady_pop,Eternal Lady,嫦娥奔月,1,1,1,1,0,0,N/A,N/A,N/A,N/A,96.50%,4x5,50
POP Slots,Slot Machines,gpas_bomaway_pop,Bombs,炸弹,1,1,1,0,0,0,N/A,N/A,N/A,N/A,96.88%,3x5,25
POP Slots,Slot Machines,gpas_cascharms_pop,Casino Charms,赌场之魅,1,1,1,1,0,0,N/A,N/A,N/A,N/A,96.06%,4x5,40
POP Slots,Slot Machines,gpas_sexiles_pop,Starmada Exiles,星际流亡者,1,1,1,1,0,0,N/A,N/A,N/A,N/A,96.18%,3x5,20
POP Slots,Slot Machines,gpas_ccave_pop,Cascading Cave,级联洞穴,1,1,0,1,0,0,N/A,N/A,N/A,N/A,95.83%,3x5,50
POP Slots,Slot Machines,gpas_tttotems_pop,Tip Top Totems,顶级图腾,1,1,1,1,0,0,N/A,N/A,N/A,N/A,93.59%,3×4×5×6×7×7,80
POP Slots,Slot Machines,gpas_pblast_pop,Buccaneer Blast,爆裂海盗,1,1,1,1,0,0,N/A,N/A,N/A,N/A,96.15%,3x5,5
POP Slots,Slot Machines,gpas_tstacks_pop,Tiger Stacks,老虎堆,1,1,1,1,0,0,N/A,N/A,N/A,N/A,96.52%,3x5,243
POP Slots,Slot Machines,gpas_hice_pop,Hainan Ice,海南冰,1,1,0,1,0,0,N/A,N/A,N/A,N/A,96.82%,4x5,30
POP Slots,Slot Machines,gpas_bwizard_pop,Blue Wizard,蓝巫师,1,1,1,1,0,0,N/A,N/A,N/A,N/A,96.50%,3X5,10
POP Slots,Slot Machines,gpas_scqueen_pop,Pharaoh's Daughter,法老王的女儿,1,1,1,1,0,0,N/A,N/A,N/A,N/A,96.50%,4x3x3x3x4,432
POP Slots,Slot Machines,gpas_fprince_pop,Forest Prince,森林王子,1,1,1,1,0,0,N/A,N/A,N/A,N/A,95.84%,5x7,70
POP Slots,Slot Machines,gpas_panthpays_pop,Panther Pays,发财黑豹,1,1,0,1,0,0,N/A,N/A,N/A,N/A,96.27%,3x5,50
POP Slots,Slot Machines,gpas_nyslot_pop,New Year's Bonanza,新年富园,1,1,1,1,0,0,N/A,N/A,N/A,N/A,95.99%,3x5,243
POP Slots,Slot Machines,gpas_gmacaque_pop,Golden Macaque,金猴,1,1,1,1,0,0,N/A,N/A,N/A,N/A,96.73%,3x5,243
POP Slots,Slot Machines,gpas_rrider_pop,Retro Rush,复古潮流冲刺,1,1,1,1,0,0,N/A,N/A,N/A,N/A,96.10%,3x4x4x4x3,50
POP Slots,Slot Machines,gpas_lemeralds_pop,Lucky Emeralds,幸运绿宝石,1,1,0,1,0,0,N/A,N/A,N/A,N/A,95.73%,3x5,20
POP Slots,Jackpot Slots,gpas_aogkasgard_pop,Age of the Gods Norse: King of Asgard,众神北欧时代：阿斯加德国王,1,1,0,1,0,1,2.110%,Age of Gods Jackpot Ultimate Power & Age of the Gods Norse Jackpot,"mrj-4,aognjp-2,aognjp-7","Daily累积奖金：动态金额，取决于玩家贡献。
Daily Jackpot: Dynamic amount, dependent on players contribution.
Instant累积奖金：动态金额，取决于玩家贡献。
Instant Jackpot: Dynamic amount, dependent on players contribution.
Ultimate Power：EUR 100,000",94.56%,3x6,50
POP Slots,Slot Machines,gpas_mwilds_pop,Midnight Wilds,午夜荒野,1,1,1,1,0,0,N/A,N/A,N/A,N/A,95.00%,3x5,20
POP Slots,Slot Machines,gpas_eemeralds_pop,Egyptian Emeralds,埃及绿宝石,1,1,1,1,0,0,N/A,N/A,N/A,N/A,96.36%,3×5,243
POP Slots,Slot Machines,gpas_boking_pop,Book of Kings,国王之书,1,1,1,1,0,0,N/A,N/A,N/A,N/A,96.63%,3×5,10
POP Slots,Slot Machines,gpas_wwd_pop,Wild West Wilds,狂野西部荒野,1,1,1,1,0,0,N/A,N/A,N/A,N/A,96.14%,3×5,25
POP Slots,Jackpot Slots,gpas_aognwot_pop,Age of the Gods Norse: Ways of Thunder,众神北欧时代：雷电之道,1,1,1,1,0,1,2.110%,Age of Gods Jackpot,"mrj-4,aognjp-2,aognjp-7","Ultimate Power：€100,000",96.61%,5x5,3125
POP Slots,Slot Machines,gpas_sstrike_pop,Stallion Strike,进击的闪电马,1,1,1,1,0,0,N/A,N/A,N/a,N/A,96.27%,5x6,15625
POP Slots,Jackpot Slots,gpas_aogggriffin_pop,Age of the Gods: Glorious Griffin,众神时代：辉煌狮鹫,1,1,1,1,0,1,0.990%,Age of Gods Jackpot,"mrj-1,mrj-2,mrj-3,mrj-4","Power：€50
Extra Power：€500
Super Power：€5,000
Ultimate Power：€100,000",95.06%,4x6,4096
POP Slots,Slot Machines,gpas_atrail_pop,Adventure Trail,探险之途,1,1,1,1,0,0,N/A,N/A,N/A,N/A,96.64%,3x5,30
POP Slots,Slot Machines,gpas_bbells_pop,Blazing Bells,闪耀铃铛,1,1,1,1,0,0,N/A,N/A,N/A,N/A,96.37%,6x6,46656
POP Slots,Slot Machines,gpas_pluck_pop,Panda Luck,运财熊猫,1,1,1,1,0,0,N/A,N/A,N/A,N/A,96.91%,3x5,5
POP Slots,Jackpot Slots,gpas_aoggagiants_pop,Age of the Gods Norse: Gods and Giants,众神北欧时代：神与巨人,1,1,1,1,0,1,2.110%,Age of the Gods Norse Jackpot,"mrj-4,aognjp-2,aognjp-7","Daily Jackpot: Dynamic amount, dependent on players contribution.
Instant Jackpot: Dynamic amount, dependent on players contribution.
Ultimate Power：EUR 100,000",94.38%,3x5,50
POP Slots,Slot Machines,gpas_jmoon_pop,Jinns Moon,金恩之月,1,1,1,1,0,0,N/A,N/A,N/A,N/A,96.58%,3x5,50
POP Slots,Slot Machines,gpas_dsparks_pop,Dragon Spark,龙女之光,1,1,1,1,0,0,N/A,N/A,N/A,N/A,96.31%,5x5,3125
POP Slots,Slot Machines,gpas_betwilds_pop,Better Wilds,极佳荒野,1,1,1,1,0,0,N/A,N/A,N/A,N/A,96.42%,4x5,25
POP Slots,Jackpot Slots,gpas_rgift_pop,Gem Splash: Rainbows Gift,宝石横飞：彩虹礼物,1,1,1,1,0,1,3.990%,Gem Splash™ Jackpot,"gsjp-3,gsjp-1,gsjp-7",N/A,96.46%,4x5,30
POP Slots,Jackpot Slots,gpas_jhreels_pop,Joker Hot Reels,小丑转转转,1,1,1,1,0,1,0.99,Joker Jackpot,"jhreelsj-1,jhreelsj-2",N/A,94.50%,3x5,5
POP Slots,Slot Machines,gpas_lottiger_pop,Legacy of the Tiger,猛虎馈赠,1,1,1,1,0,0,N/A,N/A,N/A,N/A,96.59%,3x5,50
POP Slots,Slot Machines,gpas_dragonchi_pop,Dragon Chi,气龙,1,1,1,1,0,0,N/A,N/A,N/A,N/A,96.87%,3x5,243
POP Slots,Slot Machines,gpas_mquest_pop,Quest West,西游记,1,1,1,1,0,0,N/A,N/A,N/A,N/A,96.45%,3x5,50
POP Slots,Slot Machines,gpas_strongox_pop,Ox Riches,公牛财富,1,1,1,1,0,0,N/A,N/A,N/A,N/A,96.93%,3x5,243
POP Slots,Slot Machines,gpas_hydra_pop,Legend of Hydra ,九头蛇传奇,1,1,1,1,0,0,N/A,N/A,N/A,N/A,96.56%,5x6,15625
POP Slots,Slot Machines,gpas_bblitz2_pop,Buffalo Blitz II,水牛闪电战2,1,1,1,1,0,0,N/A,N/A,N/A,N/A,95.96%,4x6,4096
POP Slots,Slot Machines,gpas_fgift_pop,Frog's Gift,青蛙之礼,1,1,1,1,0,0,N/A,N/A,N/A,N/A,96.76%,3x5,20
POP Slots,Slot Machines,gpas_lotwild2_pop,Legacy of the Wilds 2,野外宝藏2,1,1,1,1,0,0,N/A,N/A,N/A,N/A,96.36%,5x6,60
POP Slots,Slot Machines,gpas_cways_pop,Caishen Ways,财神组合,1,1,1,1,0,0,N/A,N/A,N/A,N/A,96.91%,3x5,243
POP Slots,Slot Machines,gpas_buddhaways_pop,Golden Ways,黄金组合,1,1,1,1,0,0,N/A,N/A,N/A,N/A,96.92%,5x3,243
POP Slots,Slot Machines,gpas_28dman_pop,28 Mansions,幸运星宿,1,1,1,1,0,0,N/A,N/A,N/A,N/A,96.94%,3x5,243
POP Slots,Jackpot Slots,gpas_gogold_pop,Age of the Gods Norse: Book of Dwarves,众神北欧时代：矮人之书,1,1,1,1,0,1,2.110%,Age of Gods Jackpot,"mrj-4,aognjp-3,aognjp-2,aognjp-7","Power：€50
Extra Power：€500
Super Power：€5,000
Ultimate Power：€100,000",94.11%,5x5,50
POP Slots,Jackpot Slots,gpas_aogrotu_pop,Age of the Gods: Ruler Of The Dead,众神时代：冥府统治者,1,1,1,1,0,1,0.990%,Age of Gods Jackpot,"mrj-1,mrj-2,mrj-3,mrj-4","Power：€50
Extra Power：€500
Super Power：€5,000
Ultimate Power：€100,000",96.53%,5x5,25
POP Slots,Slot Machines,gpas_ttreasure_pop,Gold Pile: Toltec Treasure,黄金满屋：托尔特克之宝藏,1,1,1,1,0,0,N/A,N/A,N/A,N/A,96.46%,3x5,25
POP Slots,Slot Machines,gpas_wlava_pop,Wild Lava,野生熔岩,1,1,1,1,0,0,N/A,N/A,N/A,N/A,96.47%,5x5,40
POP Slots,Slot Machines,gpas_gpnyg_pop,Gold Pile: New Years Gold,黄金满屋：新年之金,1,1,1,1,0,0,N/A,N/A,N/A,N/A,96.45%,3x5,25
POP Slots,Slot Machines,gpas_zcjbao2_pop,Zhao Cai Jin Bao 2,招财进宝2,1,1,1,1,0,0,N/A,N/A,N/A,N/A,95.26%,3x5,9
POP Slots,Slot Machines,gpas_afactory_pop,Fire Blaze Golden: Amazing Factory,黄金烈焰大奖：富贵工厂,1,1,1,1,0,0,N/A,N/A,N/A,N/A,95.49%,3x5,40
POP Slots,Slot Machines,gpas_bfrenzy_pop,Bee Frenzy,疯狂蜜蜂,1,1,1,1,0,0,N/A,N/A,N/A,N/A,96.14%,3x5,10
POP Slots,Slot Machines,gpas_aluck_pop,Arowanas Luck,金龙鱼,1,1,1,1,0,0,N/A,N/A,N/A,N/A,97.52%,1x3,1
POP Slots,Slot Machines,gpas_awild2_pop,Anaconda Wild II,狂野蟒蛇2,1,1,1,1,0,0,N/A,N/A,N/A,N/A,96.47%,4x6,50
POP Slots,Slot Machines,gpas_rriches_pop,Record Riches,音乐之财,1,1,1,1,0,0,N/A,N/A,N/A,N/A,97.45%,3x3,3
POP Slots,Slot Machines,gpas_scupid_pop,Lovefool,爱情傻瓜,1,1,1,1,0,0,N/A,N/A,N/A,N/A,96.32%,3x5,25
POP Slots,Slot Machines,gpas_tgift_pop,Toad's Gift,金蟾蜍的礼物,1,1,1,1,0,0,N/A,N/A,N/A,N/A,96.76%,3x5,20
POP Slots,Slot Machines,gpas_pppearls_pop,Pearls Pearls Pearls,珍珠，珍珠，珍珠,1,1,1,1,0,0,N/A,N/A,N/A,N/A,96.50%,3x5,30
POP Slots,Slot Machines,gpas_tfortune_pop,Gold Pile: Tigers Pride,黄金满屋：老虎天骄,1,1,1,1,0,0,N/A,N/A,N/A,N/A,96.47%,3x5,25
POP Slots,Slot Machines,gpas_aogbooracle_pop,Age of Gods: Book of Oracle,众神时代：神谕之书,1,1,1,1,0,1,0.990%,Age of Gods Jackpot,"mrj-1,mrj-2,mrj-3,mrj-4","Power：€50
Extra Power：€500
Super Power：€5,000
Ultimate Power：€100,000",96.50%,3x5,10
POP Slots,Slot Machines,gpas_nalight_pop,Jane Jones In Book Of King 2,简琼斯国王之书2,1,1,1,1,0,0,N/A,N/A,N/A,N/A,96.50%,3x5,10
POP Slots,Slot Machines,gpas_rempress_pop,Fire Blaze: River Empress,烈焰大奖：河皇后,1,1,1,1,0,0,N/A,N/A,N/A,N/A,96.50%,3x5,30
POP Slots,Slot Machines,gpas_sgift_pop,Fire Blaze: Sisters Gift,烈焰至尊：姐妹之礼,1,1,1,1,0,0,N/A,N/A,N/A,N/A,96.47%,3x5,243
POP Slots,Slot Machines,gpas_bbob_pop,Breakout Bob,越狱的鲍勃,1,1,1,1,0,0,N/A,N/A,N/A,N/A,96.52%,4x6,6
POP Slots,Slot Machines,gpas_gporang_pop,Gold Pile: Orangutan,黄金满屋：猩猩,1,1,1,1,0,0,N/A,N/A,N/A,N/A,96.46%,3x5,20
POP Slots,Slot Machines,gpas_rwizard_pop,Fire Blaze: Red Wizard,烈焰至尊：红巫师,1,1,1,1,0,0,N/A,N/A,N/A,N/A,96.49%,3x4x4x4x3,50
POP Slots,Slot Machines,gpas_fbgbb_pop,Fire Blaze Golden: Buccaneer Bells,烈焰黄金：海盗铃钟,1,1,1,1,0,0,N/A,N/A,N/A,N/A,96.48%,3x5,40
POP Slots,Slot Machines,gpas_etscore_pop,The Perfect Heist,完美大盗,1,1,1,1,0,0,N/A,N/A,N/A,N/A,96.12%,3x5,20
POP Slots,Slot Machines,gpas_zcharms_pop,Zodiac Charms,生肖魅力,1,1,1,1,0,0,N/A,N/A,N/A,N/A,96.46%,3x5,243
POP Slots,Jackpot Slots,gpas_kgomoon_pop,Mega Fire Blaze: Khonsu God of Moon,百万烈焰大奖：孔苏月神,1,1,1,1,0,0,N/A,N/A,N/A,N/A,96.49%,3x5,30
POP Slots,Jackpot Slots,gpas_gskc_pop,Gem Splash: Kings Court,宝石横飞：国王庭院,1,1,1,1,0,1,3.990%,Gem Splash™ Jackpot,"gsjp-3,gsjp-1,gsjp-7",N/A,96.37%,4x5,30
POP Slots,Slot Machines,gpas_mblocks_pop,Mayan Blocks,玛雅积木,1,1,1,1,0,0,N/A,N/A,N/A,N/A,95.36%,7x6,Cluster Pay
POP Slots,Slot Machines,gpas_sgomagic_pop,Sorcerer's Guild of Magic,魔法师公会,1,1,1,1,0,0,N/A,N/A,N/A,N/A,96.08%,5x3,10
POP Slots,Slot Machines,gpas_amammoth_pop,Absolutely Mammoth,绝对长毛象,1,1,1,1,0,0,N/A,N/A,N/A,N/A,96.49%,4x5,1024
POP Slots,Slot Machines,gpas_ishtar_pop,Ishtar,伊丝塔,1,1,1,1,0,0,N/A,N/A,N/A,N/A,95.52%,5x6,15625
POP Slots,Jackpot Slots,gpas_ppayspp_pop,Panther Pays Power Play Jackpot,发财黑豹奖池版,1,1,1,1,0,1,2.990%,Power Play Jackpot,ptjp-1,N/A,96.44%,4x5,50
POP Slots,Jackpot Slots,gpas_fbars_pop,Flaming Bars,火焰棒,1,1,1,1,0,1,0.990%,Flaming Jackpot,jhreelsj-2,N/A,96.50%,3x5,5
POP Slots,Slot Machines,gpas_twolf_pop,Fire Blaze Golden: Tundra Wolf,黄金烈焰大奖：苔原狼,1,1,1,1,0,0,N/A,N/A,N/A,N/A,96.46%,3x5,40
POP Slots,Slot Machines,gpas_dhall_pop,Dragons Hall: Thundershots,龙之堂：雷霆之弹,1,1,1,1,0,0,N/A,N/A,N/A,N/A,95.35%,5x3,10
POP Slots,Slot Machines,gpas_wlinx_pop,Wild Linx,神秘连接,1,1,1,1,0,0,N/A,N/A,N/A,N/A,96.49%,3x5,25
POP Slots,Jackpot Slots,gpas_eape2_pop,Epic Ape II Jackpot Blitz,猿人传奇2奖池闪电战,1,1,1,1,0,1,0.990%,Jackpot Blitz,"bjp-3,bjp-4,bjp-2,bjp-1",N/A,95.97%,4x6,4096
POP Slots,Slot Machines,gpas_wpanda_pop,Full Moon: White Panda,满月：白熊猫,1,1,1,1,0,0,N/A,N/A,N/A,N/A,95.90%,3x5,25
POP Slots,Slot Machines,gpas_wtrack_pop,Full Moon: Wild Track,满月：狂野赛道,1,1,1,1,0,0,N/A,N/A,N/A,N/A,95.93%,3x5,25
POP Slots,Slot Machines,gpas_sscarab_pop,Eye of Anubis,阿努比斯之眼,1,1,1,1,0,0,N/A,N/A,N/A,N/A,95.76%,8x8,N/A
POP Slots,Jackpot Slots,gpas_bokings2pp_pop,Book of Kings 2 PowerPlay Jackpot,国王之书2奖池版,1,1,1,1,0,1,2.990%,Powerplay Jackpot,ptjp-1,N/A,96.46%,3x5,10
POP Slots,Slot Machines,gpas_gguardians_pop,Glorious Guardians,福临五象,1,1,1,1,0,0,N/A,N/A,N/A,N/A,96.49%,3x5,50
POP Slots,Slot Machines,gpas_pstrike_pop,Pyramid Valley: Power Zones,金字塔谷：能量区域,1,1,1,1,0,0,N/A,N/A,N/A,N/A,95.36%,5x6,15625
POP Slots,Slot Machines,gpas_ceruption_pop,Chili Eruption Thundershots,辣椒喷发：雷霆之弹,1,1,1,1,0,0,N/A,N/A,N/A,N/A,96.17%,5x3,20
POP Slots,Slot Machines,gpas_ccsahara_pop,Sahara Riches: Cash Collect,撒哈拉财富：现金收集,1,1,1,1,0,0,N/A,N/A,N/A,N/A,95.67%,3x5,30
POP Slots,Slot Machines,gpas_marat_pop,Monkey and Rat,猴鼠,1,1,1,1,0,0,N/A,N/A,N/A,N/A,97.52%,1x3,1
POP Slots,Slot Machines,gpas_ccskingofa_pop,Atlantis Cash Collect,亚特兰蒂斯：现金收集,1,1,1,1,0,0,N/A,N/A,N/A,N/A,96.25%,3x5,20
POP Slots,Slot Machines,gpas_soanubis_pop,Curse of Anubis,阿努比斯的诅咒,1,1,1,1,0,0,N/A,N/A,N/A,N/A,96.01%,3-4-4-4-3,50
POP Slots,Slot Machines,gpas_aexpedition_pop,Aztec Expedition Thundershots,阿兹特克探险,1,1,1,1,0,0,N/A,N/A,N/A,N/A,95.50%,5x4,30
POP Slots,Slot Machines,pop_autumngold_eye,Autumn Gold,金秋,1,1,1,0,0,0,N/A,N/A,N/A,N/A,95.40%,3X3,9
POP Slots,Slot Machines,pop_btthbbbs_eye,Beat The Bobbies,鏖战英警,1,1,1,0,0,0,N/A,N/A,N/A,N/A,95.25%,3x5,243
POP Slots,Slot Machines,pop_beezkneez_eye,Beez Kneez,无敌小蜜蜂,1,1,1,0,0,0,N/A,N/A,N/A,N/A,95.38%,3x5,25
POP Slots,Slot Machines,pop_bfad477a_eye,Bouncy Balls 2,弹跳球2,1,1,1,0,0,0,N/A,N/A,N/A,N/A,95.29%,5x5,CHAIN REACTOR
POP Slots,Slot Machines,pop_caravantcro_eye,Caravan to Cairo,前往开罗的大篷车,1,1,1,0,0,0,N/A,N/A,N/A,N/A,95.25%,3X5,243
POP Slots,Slot Machines,pop_1fc2f43a_eye,Clover Rollover 2,转运四叶草2,1,1,1,0,0,0,N/A,N/A,N/A,N/A,93.02%,3X5,5
POP Slots,Slot Machines,pop_crystallotus_eye,Crystal Lotus,水晶莲花,1,1,1,0,0,0,N/A,N/A,N/A,N/A,96.56%,3X5,10
POP Slots,Slot Machines,pop_cupcarnaval_eye,Cup Carnaval,足球杯狂欢节,1,1,1,0,0,0,N/A,N/A,N/A,N/A,94.94%,3X5,25
POP Slots,Slot Machines,pop_nchntdprnc_eye,Enchanted Prince,被施咒的王子,1,1,1,0,0,0,N/A,N/A,N/A,N/A,94.99%,3X5,25
POP Slots,Slot Machines,pop_df48c20d_eye,Fluffy Favourites Megaways,毛绒爱宠大体验,1,1,1,0,0,0,N/A,N/A,N/A,N/A,94.99%,5X6,117649
POP Slots,Slot Machines,pop_frwrksfrnz_eye,Fireworks Frenzy,烟火撩人,1,1,1,0,0,0,N/A,N/A,N/A,N/A,94.94%,3X5,25
POP Slots,Slot Machines,pop_flfffvrts_eye,Fluffy Favourites,毛绒玩具收藏品,1,1,1,0,0,0,N/A,N/A,N/A,N/A,95.38%,3X5,25
POP Slots,Slot Machines,pop_e63aedf0_eye,Galactic Girls,银河少女,1,1,1,0,0,0,N/A,N/A,N/A,N/A,96.62%,5X6,7776
POP Slots,Slot Machines,pop_heartburst_eye,Heartburst,热血沸腾,1,1,1,0,0,0,N/A,N/A,N/A,N/A,95.63%,4X5,100
POP Slots,Slot Machines,pop_holdthesafe_eye,Hold The Safe,掌控保险箱,1,1,1,0,0,0,N/A,N/A,N/A,N/A,96.35%,3X5,25
POP Slots,Slot Machines,pop_irishluck_eye,Irish Luck(Eyecon),幸运爱尔兰,1,1,1,0,0,0,N/A,N/A,N/A,N/A,95.04%,3X5,25
POP Slots,Slot Machines,pop_kissmeclover_eye,Kiss Me Clover,吻我吧，三叶草妖精,1,1,1,0,0,0,N/A,N/A,N/A,N/A,95.38%,3X5,25
POP Slots,Slot Machines,pop_kittypayout_eye,Kitty Payout,小猫派彩,1,1,1,0,0,0,N/A,N/A,N/A,N/A,94.99%,3X5,25
POP Slots,Slot Machines,pop_lostisland_eye,Lost Island,失落的岛屿,1,1,1,0,0,0,N/A,N/A,N/A,N/A,95.06%,3X5,25
POP Slots,Slot Machines,pop_lucharumble_eye,Lucha Rumble,摔跤大战,1,1,1,0,0,0,N/A,N/A,N/A,N/A,97.07%,4X5,1024
POP Slots,Slot Machines,pop_pastthepost_eye,Past the Post,超越对手,1,1,1,0,0,0,N/A,N/A,N/A,N/A,95.25%,3X5,243
POP Slots,Slot Machines,pop_piggypayout_eye,Piggy Payout,小猪派彩,1,1,1,0,0,0,N/A,N/A,N/A,N/A,94.99%,3X5,25
POP Slots,Slot Machines,pop_pigsfeast_eye,Pigs Feast,小猪的大餐,1,1,1,0,0,0,N/A,N/A,N/A,N/A,95.06%,3X5,25
POP Slots,Slot Machines,pop_puggypayout_eye,Puggy Payout,小狗派彩,1,1,1,0,0,0,N/A,N/A,N/A,N/A,94.99%,3X5,25
POP Slots,Slot Machines,pop_rbtssplndr_eye,Rebets Splendour,华丽重转,1,1,1,0,0,0,N/A,N/A,N/A,N/A,97.07%,3X5,25
POP Slots,Slot Machines,pop_secretgarden_eye,Secret Garden,秘密花园,1,1,1,0,0,0,N/A,N/A,N/A,N/A,95.43%,3X5,25
POP Slots,Slot Machines,pop_047c7908_eye,Shamans Dream 2,萨满之梦2,1,1,1,0,0,0,N/A,N/A,N/A,N/A,95.56%,3X5,25
POP Slots,Slot Machines,pop_shppngspr_eye,Shopping Spree,疯狂购物,1,1,1,0,0,0,N/A,N/A,N/A,N/A,95.43%,3X5,25
POP Slots,Slot Machines,pop_stampede_eye,Stampede,狂潮,1,1,1,0,0,0,N/A,N/A,N/A,N/A,95.25%,3X5,243
POP Slots,Slot Machines,pop_stepback7s_eye,Stepback 7s,重现 777,1,1,1,0,0,0,N/A,N/A,N/A,N/A,95.20%,1X3,1
POP Slots,Slot Machines,pop_strkrgswld_eye,Striker Goes Wild,热血前锋,1,1,1,0,0,0,N/A,N/A,N/A,N/A,96.50%,3X5,25
POP Slots,Slot Machines,pop_tmplfrs_eye,Temple of Iris 2,伊莉斯神庙2,1,1,1,0,0,0,N/A,N/A,N/A,N/A,95.42%,3X5,25
POP Slots,Slot Machines,pop_vrmrrchrstms_eye,Very Merry Christmas,圣诞很快乐,1,1,1,0,0,0,N/A,N/A,N/A,N/A,95.04%,3X5,25
POP Slots,Slot Machines,pop_vladscastle_eye,Vlads Castle,德古拉城堡,1,1,1,0,0,0,N/A,N/A,N/A,N/A,95.38%,3X5,25
POP Slots,Slot Machines,pop_whitewizard_eye,White Wizard,白色巫师,1,1,1,0,0,0,N/A,N/A,N/A,N/A,94.94%,3X5,25
POP Slots,Slot Machines,pop_whtwzrddlx_eye,White Wizard Deluxe,白色巫师豪华版,1,1,1,0,0,0,N/A,N/A,N/A,N/A,95.63%,4X5,100
POP Slots,Slot Machines,pop_xngnbzh_eye,Xingyun BaoZhu,幸运爆竹,1,1,1,0,0,0,N/A,N/A,N/A,N/A,94.94%,3X5,25
POP Slots,Slot Machines,pop_xmascash_eye,Xmas Cash,圣诞现金,1,1,1,0,0,0,N/A,N/A,N/A,N/A,90.74%,3X3,9
POP Slots,Slot Machines,pop_yoyoswild_eye,Yoyo's Wild,疯狂悠悠球,1,1,1,0,0,0,N/A,N/A,N/A,N/A,96.51%,3X5,25
POP Slots,Slot Machines,gpas_mgbwizard_pop,Fire Blaze: Blue Wizard Megaways,烈焰至尊：蓝巫师Megaways,1,1,1,0,0,0,N/A,N/A,N/A,N/A,96.48%,5 reels with variable number of symbols per reel,"Megaways: Max – 12,348; Min - 108"
POP Slots,Slot Machines,gpas_harrow_pop,Heroes Arrow,英雄之箭,1,1,1,0,0,0,N/A,N/A,N/A,N/A,96.38%,3x5,20
POP Slots,Slot Machines,gpas_jisland2_pop,Jurassic Island 2,侏罗纪岛2,1,1,1,0,0,0,N/A,N/A,N/A,N/A,95.70%,4x5,1024
POP Slots,Slot Machines,gpas_bcircus_pop,Mega Fire Blaze: Big Circus!,巨型烈焰：大马戏！,1,1,1,0,0,0,N/A,N/A,N/A,N/A,96.37%,3x5,30
POP Slots,Slot Machines,gpas_tbirds_pop,Power Zones: Thunder Birds,能量区域：雷鸟,1,1,1,0,0,0,N/A,N/A,N/A,N/A,96.42%,8x8,Cluster Wins
POP Slots,Slot Machines,gpas_ffever_pop,Fishin' Bonanza,钓好运,1,1,1,0,0,0,N/A,N/A,N/A,N/A,96.51%,3x5,10
POP Slots,Slot Machines,gpas_ccluck_pop,Leprechaun’s Luck: Cash Collect,小妖精的好运：现金收集,1,1,1,0,0,0,N/A,N/A,N/A,N/A,95.38%,3x5,30
POP Slots,Slot Machines,gpas_wpisto_pop,Mega Fire Blaze: Wild Pistolero,巨型烈焰：狂野手枪,1,1,1,0,0,0,N/A,N/A,N/A,N/A,95.96%,3x5,30
POP Slots,Slot Machines,gpas_hgextreme_pop,Hot Gems Xtreme,极限热辣宝石,1,1,1,0,0,0,N/A,N/A,N/A,N/A,95.81%,4x6,4096
POP Slots,Slot Machines,gpas_auncoil_pop,Anaconda Uncoiled,蟒蛇献宝,1,1,1,0,0,0,N/A,N/A,N/A,N/A,95.94%,4×6,50
POP Slots,Slot Machines,gpas_cxtreme_pop,Chilli Xtreme,终极火辣,1,1,1,0,0,0,N/A,N/A,N/A,N/A,95.23%,from 4x6 to 8x6,"from 4,096 to 262,144 ways"
POP Slots,Slot Machines,gpas_ffighter_pop,Fire Blaze: Fire Fighter,烈焰至尊：消防勇士,1,1,1,0,0,0,N/A,N/A,N/A,N/A,95.92%,4x5,40
POP Slots,Slot Machines,gpas_wpunch_pop,Wushu Punch,武术拳,1,1,1,0,0,0,N/A,N/A,N/A,N/A,95.99%,3x5,20
POP Slots,Slot Machines,gpas_drise_pop,Diamond Rise,钻石金字塔,1,1,1,0,0,0,N/A,N/A,N/A,N/A,95.96%,3×3,3
POP Slots,Slot Machines,gpas_fmhitbar_pop,Hit Bar,热辣财富,1,1,1,0,0,0,N/A,N/A,N/A,N/A,96.00%,3x5,10
POP Slots,Slot Machines,gpas_gwish_pop,Mighty Hat: Lamp of Gold,萬能帽 : 金灯,1,1,1,0,0,0,N/A,N/A,N/A,N/A,96.24%,3x5,243
POP Slots,Slot Machines,gpas_koihar_pop,Koi Harmony,如意锦鲤,1,1,1,0,0,0,N/A,N/A,N/A,N/A,96.47%,1×3,1
POP Slots,Slot Machines,gpas_sbullet_pop,Silver Bullet Bandit: Cash Collect,银弹匪徒：现金收集,1,1,1,0,0,0,N/A,N/A,N/A,N/A,95.44%,3x5,30
POP Slots,Slot Machines,gpas_jrush_pop,Joker Rush,小丑狂奔,1,1,1,0,0,0,N/A,N/A,N/A,N/A,96.00%,3x5,10
POP Slots,Slot Machines,gpas_cguard_pop,Qin's Empire: Celestial Guardians,大秦帝国：天界守护者,1,1,1,0,0,0,N/A,N/A,N/A,N/A,96.45%,3x5,25
POP Slots,Slot Machines,gpas_sking_pop,Monster Multipliers,乘数怪物,1,1,1,0,0,0,N/A,N/A,N/A,N/A,97.00%,5x6,CHAIN REACTOR
POP Slots,Slot Machines,gpas_ctemple_pop,Qin's Empire: Caishen's Temple,大秦帝国：财神庙,1,1,1,0,0,0,N/A,N/A,N/A,N/A,96.46%,3x5,50
POP Slots,Slot Machines,gpas_qccharm_pop,Fire Blaze Quattro: Celtic Charm,烈焰四驱：魅力凯尔特,1,1,1,0,0,0,N/A,N/A,N/A,N/A,95.83%,4 x (3x3),"27 - 46,656"
POP Slots,Slot Machines,gpas_grush_pop,Mighty Hat: Mine O' Mine,萬能帽：我的宝矿,1,1,1,0,0,0,N/A,N/A,N/A,N/A,96.25%,3x5,243
POP Slots,Slot Machines,gpas_bcash_pop,Gold Hit: O'Reilly's Riches,黄金疯狂：奥莱利的财富,1,1,1,0,0,0,N/A,N/A,N/A,N/A,95.21%,4 x 4 x 6 x 6 x 8,4608
POP Slots,Slot Machines,gpas_gwizard_pop,Fire Blaze: Green Wizard,烈焰至尊：绿巫师,1,1,1,0,0,0,N/A,N/A,N/A,N/A,95.90%,3x5,243
POP Slots,Slot Machines,gpas_cchfortune_pop,Witches: Cash Collect,女巫：现金收集,1,1,1,0,0,0,N/A,N/A,N/A,N/A,97.00%,3x5,30
POP Slots,Slot Machines,gpas_mforest_pop,Mighty Hat: Mystic Tales,萬能帽：神秘传说,1,1,1,0,0,0,N/A,N/A,N/A,N/A,95.66%,3x5,243
POP Slots,Slot Machines,gpas_focashco_pop,Football! Cash Collect,足球！现金收集,1,1,1,0,0,0,N/A,N/A,N/A,N/A,97.00%,3x5,30
POP Slots,Slot Machines,gpas_mgccsahara_pop,Sahara Riches MegaWays: Cash Collect,撒哈拉财富MegaWays：现金收集,1,1,1,0,0,0,N/A,N/A,N/A,N/A,94.88%,From 2-3-3-3-3-2 to 6-7-7-7-7-6,from 324 to 86436
POP Slots,Slot Machines,gpas_ggun_pop,Grand Junction: Golden Guns,大枢纽：黄金枪,1,1,1,0,0,0,N/A,N/A,N/A,N/A,96.41%,3x5,243
POP Slots,Slot Machines,gpas_azboli_pop,Azteca Bonus Lines,阿兹特克：奖励线,1,1,1,1,0,0,N/A,N/A,N/A,N/A,94.93%,3x5,30
POP Slots,Slot Machines,gpas_rabbitcash_pop,Yu Tu Jin Cai: Cash Collect,玉兔进财：金钱满屋,1,1,1,0,0,0,N/A,N/A,N/A,N/A,94.91%,3x5,30
Arcade,Shooting Games,shsfc,Space Hunter: Shoot for Cash,太空猎人,1,1,0,1,0,0,N/A,N/A,N/A,N/A,96.50%,N/A,N/A
Arcade,Shooting Games,fishshr,FISH! Shoot For Cash,捕鱼/炮打金币,1,1,0,1,0,0,N/A,N/A,N/A,N/A,95.80%,N/A,N/A
Arcade,Shooting Games,circ,Circus Launch,发射马戏团,1,1,0,0,1,0,N/A,N/A,N/A,N/A,95.99%,N/A,N/A
POP Jackpot Slots,Jackpot Slots,gpas_cxtremepp_pop,Chilli Xtreme PowerPlay Jackpot,终极火辣奖池版,1,1,1,1,0,1,2.990%,Powerplay Jackpot,ptjp-1,,95.17%,from 4 x 6 to 8 x 6,"from 4096 to 262,144 ways"
POP Jackpot Slots,Jackpot Slots,gpas_secagent_pop,Spy Rise,间谍觉醒,1,1,1,1,0,1,2.000%,Spy Rise Jackpot,pcjp-1,"基于累积贡献的动态金额。
a dynamic amount based on accumulative contribution.",93.02%,4x5,50
POP Jackpot Slots,Jackpot Slots,gpas_aogrotsea_pop,Age of the Gods: Ruler of the Seas,众神时代：海洋统治者,1,1,1,1,0,1,0.990%,Age of Gods Jackpot,"mrj-1,mrj-2,mrj-3,mrj-4","Power：€50
Extra Power：€500
Super Power：€5,000
Ultimate Power：€100,000",95.38%,5x7,20
POP Jackpot Slots,Jackpot Slots,gpas_aogetroy_pop,Age of the Gods: Epic Troy,众神时代：史诗特洛伊,1,1,1,1,0,1,0.990%,Age of Gods Jackpot,"mrj-1,mrj-2,mrj-3,mrj-4","Power：€50
Extra Power：€500
Super Power：€5,000
Ultimate Power：€100,000",95.51%,4x5,50
POP Jackpot Slots,Jackpot Slots,gpas_appower_pop,Age of the Gods: Apollo Power,众神时代：阿波罗之力,1,1,0,1,0,1,0.990%,Age of Gods Jackpot,"mrj-1,mrj-2,mrj-3,mrj-4","Power：€50
Extra Power：€500
Super Power：€5,000
Ultimate Power：€100,000",95.48%,3x5,10
POP Jackpot Slots,Jackpot Slots,gpas_bbellspp_pop,Blazing Bells PowerPlay Jackpot,闪耀铃铛奖池版,1,1,1,1,0,1,2.990%,Blazing Bells PowerPlay Jackpot,ptjp-1,,93.52%,6x6,46656
POP Jackpot Slots,Jackpot Slots,gpas_bokingpp_pop,Book of Kings PowerPlay Jackpot,国王之书奖池版,1,1,1,1,0,1,2.990%,Powerplay Jackpot,ptjp-1,,96.46%,3x5,10
POP Jackpot Slots,Jackpot Slots,gpas_eemeraldspp_pop,Egyptian Emeralds PowerPlay Jackpot,埃及绿宝石奖池版,1,1,1,1,0,1,2.990%,Powerplay Jackpot,ptjp-1,,96.40%,3x5,10
POP Jackpot Slots,Jackpot Slots,gpas_tttotemspp_pop,Tip Top Totems PowerPlay Jackpot,顶级图腾奖池版,1,1,1,1,0,1,2.990%,Powerplay Jackpot,ptjp-1,,96.54%,5x4,20
POP Jackpot Slots,Jackpot Slots,gpas_aognnl_pop,Age of the Gods Norse: Norse Legends,众神北欧时代：北欧传奇,1,1,1,1,0,1,2.110%,Age of Gods Jackpot,"mrj-4,aognjp-3,aognjp-2,aognjp-7",,94.20%,3x5,20
POP Jackpot Slots,Jackpot Slots,gpas_dostormspp_pop,Djinn of Storms PowerPlay Jackpot,风暴精灵奖池版,1,1,1,1,0,1,2.990%,Powerplay Jackpot,ptjp-1,,96.49%,3x5,25
POP Jackpot Slots,Jackpot Slots,gpas_betwildspp_pop,Better Wilds PowerPlay Jackpot,更好的百搭奖池版,1,1,1,1,0,1,2.990%,Powerplay Jackpot,ptjp-1,,96.38%,4x5,25
POP Jackpot Slots,Jackpot Slots,gpas_soicepp_pop,Storms of Ice PowerPlay Jackpot,冰暴：强力累积奖金,1,1,1,1,0,1,2.990%,Powerplay Jackpot,ptjp-1,,96.47%,3x5,25
POP Jackpot Slots,Jackpot Slots,gpas_rslot_pop,Rhino Blitz,犀牛闪电战,1,1,1,1,0,1,0.990%,Jackpot Blitz,bjp,,95.96%,4x6,4096
POP Jackpot Slots,Jackpot Slots,gpas_tqcempt_pop,The Queen's Curse: Empire Treasures,女王的诅咒：帝国宝藏,1,1,1,1,0,1,0.990%,Empire Treasures™ Jackpot,dcjp,,96.34%,4x5,30
POP Scratch cards,Jackpot Slots,gpas_fballiwpp_pop,Football Scratch PowerPlay Jackpot,足球刮刮乐奖池版,1,1,1,1,0,1,2.990%,Powerplay Jackpot,ptjp-1,,94.99%,N/A,N/A
POP Scratch cards,Scratch Games,gpas_wlavaiw_pop,Wild Lava Scratch,野生熔岩刮刮乐,1,1,1,1,0,0,N/A,N/A,N/A,N/A,95.00%,3x3,N/A
POP Scratch cards,Scratch Games,gpas_hgextremeiw_pop,Hot Gems Xtreme Scratch,热辣宝石刮刮乐,1,1,1,1,0,0,N/A,N/A,N/A,N/A,95.00%,3x3,N/A
POP Jackpot Slots,Jackpot Slots,gpas_aogww_pop,Age of the Gods: Wonder Warriors,众神时代：奇迹战士,1,1,1,1,0,1,0.990%,Age of the Gods™ Jackpot,mrj,"Power：€50
Extra Power：€500
Super Power：€5,000
Ultimate Power：€100,000",96.44%,6×5,7776
POP Jackpot Slots,Jackpot Slots,gpas_aogwfot_pop,Age of the Gods: Wheels of Olympus,众神时代：奥林匹斯转盘,1,1,1,1,0,1,0.990%,Age of the Gods™ Jackpot,mrj,"Power：€50
Extra Power：€500
Super Power：€5,000
Ultimate Power：€100,000",96.13%,4x5,30
POP Jackpot Slots,Jackpot Slots,gpas_mkeeper_pop,Age of the Gods: Maze Keeper,众神时代：迷宫守护者,1,1,1,1,0,1,0.990%,Age of the Gods™ Jackpot,mrj,"Power：€50
Extra Power：€500
Super Power：€5,000
Ultimate Power：€100,000",95.99%,4x6,4096
POP Jackpot Slots,Jackpot Slots,gpas_gstorm2_pop,Age of the Gods: God of Storms 2,众神时代：风暴之神2,1,1,1,1,0,1,0.990%,Age of the Gods™ Jackpot,mrj,"Power：€50
Extra Power：€500
Super Power：€5,000
Ultimate Power：€100,000",96.14%,3x5,25
POP Jackpot Slots,Jackpot Slots,gpas_hcdelux_pop,Hot Crown Deluxe,火热皇冠豪华版,1,1,1,1,0,1,0.990%,Double Heat™ Jackpot,jhreelsj-2,,95.94%,3x4,81
POP Jackpot Slots,Jackpot Slots,gpas_bprog_pop,King Blitz,王者闪电战,1,1,1,1,0,1,0.990%,Jackpot Blitz,bjp,,96.54%,4x6,4096
POP Jackpot Slots,Jackpot Slots,gpas_sstrikepp_pop,Stallion Strike PowerPlay Jackpot,进击的闪电马奖池版,1,1,1,1,0,1,2.990%,Powerplay Jackpot,ptjp-1,,96.50%,5x6,15625
POP Jackpot Slots,Jackpot Slots,gpas_etpop_pop,Pride of Persia: Empire Treasures,波斯的骄傲：帝国宝藏,1,1,1,1,0,1,0.990%,Empire Treasures™ Jackpot,dcjp,,95.00%,4x5,100
POP Jackpot Slots,Jackpot Slots,gpas_vemptr_pop,Vikings: Empire Treasures,维京人：帝国宝藏,1,1,1,1,0,1,0.990%,Empire Treasures™ Jackpot,dcjp,,94.15% - 96.35%,3x5,25
POP Jackpot Slots,Jackpot Slots,gpas_wcrusade_pop,Wild Crusade: Empire Treasures,狂野十字军：帝国宝藏,1,1,1,1,0,1,0.990%,Empire Treasures™ Jackpot,dcjp,,94.41%,4x5,40
POP Jackpot Slots,Jackpot Slots,gpas_bbmways_pop,Buffalo Blitz: Megaways,水牛闪电战Megaways,1,1,1,1,0,1,0.990%,Jackpot Blitz,bjp,,96.18% - 96.29%,2x3x3x3x3x2 to 7x7x7x7x7x7,"324 to 
117,649"
POP Jackpot Slots,Jackpot Slots,gpas_sharks_pop,Shark Blitz,鲨鱼闪电战,1,1,1,1,0,1,0.990%,Jackpot Blitz,bjp,,96.09%,3x5x5x5x5x3,5625
POP Jackpot Slots,Jackpot Slots,gpas_wlinxpp_pop,Wild LinX PowerPlay Jackpot,神秘连接 强力累积奖金,1,1,1,1,0,1,2.990%,Powerplay Jackpot,ptjp-1,,96.48%,3x5,25
POP Jackpot Slots,Jackpot Slots,gpas_fmhitbarpp_pop,Hit Bar PowerPlay Jackpot,热辣财富奖池版,1,1,1,1,0,1,2.990%,Powerplay Jackpot,ptjp-1,,95.96%,3x5,10
Progressive Slot Machines,Jackpot Slots,phtd,Pharaoh's Treasure Deluxe,超级法老王宝藏,1,1,1,1,0,1,1.000%,Pharaoh's Treasure Deluxe Jackpot,phtd-1,EUR 54550.21,94.13%,3x5,20
Progressive Slot Machines,Jackpot Slots,ashglss,The Glass Slipper,玻璃鞋,1,1,1,0,0,1,1.050%,The Glass Slipper Jackpot,ashglss-1,"EUR 30,000",89.95%,3x5,20
Progressive Slot Machines,Jackpot Slots,tht,Thai Temple,泰国神庙,1,1,1,0,0,1,2.000%,Thai Temple Jackpot,"tht08,tht09,tht10,tht11","30,000 × 线注
30,000 x line bet",91.57%,3x5,15
Progressive Slot Machines,Jackpot Slots,ctiv,Cat in Vegas,猫赌神,1,1,0,1,0,1,2.000%,Cat in Vegas Jackpot,ctivj-1,"EUR 15,000",90.00%,3x5,20
Progressive Slot Machines,Jackpot Slots,zcjbjp,Zhao Cai Jin Bao Jackpot,招财进宝彩池,1,1,0,1,0,1,1.000%,Dragon Jackpot,"drgj-1,drgj-2,drgj-3,drgj-4","Green: €10
Blue: €100
Red: €1,000
Yellow: €20,000",95.08%,3x5,9
Progressive Slot Machines,Jackpot Slots,evj,Everybody's Jackpot,众人彩池,1,1,0,0,0,1,3.000%,Everybody's Jackpot,evjj-1,"EUR 20,000",91.01%,3x3,8
Progressive Slot Machines,Jackpot Slots,grel,Gold Rally,金色召集,1,1,0,0,0,1,2.280%,Gold Rally Jackpot,grel,"37 500 × 硬 币 大小
37 500 × coin size",94.42%,3x3,8
Progressive Slot Machines,Jackpot Slots,ashtmd,Time for a Deal,交易时刻,1,1,1,1,0,1,1.090%,Time for a Deal Jackpot,ashtmd-1,EUR 10000,93.91%,3x5,25
Progressive Slot Machines,Jackpot Slots,hrcls,Age of the Gods: Prince of Olympus,众神时代：奥林匹斯王子,1,1,1,1,0,1,0.990%,Age of Gods Jackpot,"mrj-1,mrj-2,mrj-3,mrj-4","Power：€50
Extra Power：€500
Super Power：€5,000
Ultimate Power：€100,000",93.83%,3x5,25
Progressive Slot Machines,Jackpot Slots,fnfrj,Funky Fruits,水果农场,1,1,0,0,0,1,1.000%,Funky Fruits Jackpot,"fnfrj1,fnfrj2,fnfrj3,fnfrj4","5,000 × 投注
5,000 × bet",92.98%,3x5,5
Progressive Slot Machines,Jackpot Slots,phot,Purple Hot,紫色狂热,1,1,0,0,0,1,2.000%,Purple Hot Jackpot,"phot1,phot2,phot3,phot4","5,000 × 线注
5,000 × line bet",92.33%,3x5,5
Progressive Slot Machines,Jackpot Slots,jpgt,Jackpot Giant,奖金巨人,1,1,0,1,0,1,2.980%,Jackpot Giant Jackpot,jpgt6-1,EUR 100000,91.25%,3x5,50
Progressive Slot Machines,Jackpot Slots,pisa,Pixel Samurai,像素武士,1,1,0,1,0,1,0.975%,Pixel Samurai Jackpot,pisa,"5,000 × 投注
5,000 × bet",92.99%,3x5,5
Progressive Slot Machines,Jackpot Slots,sol,Streak of Luck,好运连连,1,1,1,1,0,1,1.400%,Streak of Luck Jackpot,"sol1,sol2,sol3,sol4,sol5,sol6","8750 × 硬 币 大小
8750 × coin size",93.56%,4x5,50
Progressive Slot Machines,Jackpot Slots,ccccny,Coin! Coin! Coin! CNY,币币币,1,1,0,1,0,1,2.000%,Coin! Coin! Coin! CNY Jackpot,"ccccny1-1,ccccny2-2,ccccny3-3,ccccny4-4,ccccny5-5,ccccny6-6","取决于累积贡献的数额。
an amount dependent on accumulated contribution.",94.03%,3x5,5
Progressive Slot Machines,Jackpot Slots,ashcpl,Chests of Plenty,美女船长,1,1,0,0,0,1,1.690%,Chests of Plenty Jackpot,ashcpl-1,"EUR 20,000",88.31%,3x5,20
Progressive Slot Machines,Jackpot Slots,athn,Age of the Gods: Goddess of Wisdom,众神时代：智慧女神,1,1,1,1,0,1,0.990%,Age of Gods Jackpot,"mrj-1,mrj-2,mrj-3,mrj-4","Power：€50
Extra Power：€500
Super Power：€5,000
Ultimate Power：€100,000",93.95%,3x5,20
Progressive Slot Machines,Jackpot Slots,ashbob,Bounty of the Beanstalk,杰克与魔豆,1,1,1,1,0,1,1.000%,Bounty of the Beanstalk Jackpot,ashbob-1,"EUR 50,000",93.00%,4x5,50
Progressive Slot Machines,Jackpot Slots,nian,Nian Nian You Yu,年年有余,1,1,0,0,0,1,1.000%,Dragon Jackpot,"drgj-1,drgj-2,drgj-3,drgj-4","Green: €10
Blue: €100
Red: €1,000
Yellow: €20,000",96.03%,3x5,9
Progressive Slot Machines,Jackpot Slots,fmjp,Funky Monkey Jackpot,古怪猴子彩池,1,1,0,1,0,1,0.500%,Funky Monkey Jackpot,"fmjp8,fmjp88","5,000x总赌注 + 取决于累积贡献的数额。
5,000x total bet + an amount dependent on accumulated contribution.",96.45%,3x3,1
Progressive Slot Machines,Jackpot Slots,ashfta,Fairest of Them All,白雪公主,1,1,1,0,0,1,1.050%,Fairest of Them All Jackpot,ashfta-1,"取决于最近赢得累积奖金之前的贡献额，平均价值为30,000欧元（或其他货币等值金额）
Varies depending on the number of contributions made before the jackpot was most recently won with an average value of EUR 30,000 (or its equivalent in other currencies).",89.95%,3x5,20
Progressive Slot Machines,Jackpot Slots,cnpr,Sweet Party,甜蜜派对,1,1,0,0,0,1,1.000%,Sweet Party Jackpot,"cnpr1,cnpr2,cnpr3,cnpr4","5,000 × 投注
5,000 × bet",92.98%,5x5,25
Progressive Slot Machines,Jackpot Slots,grbjp,Great Blue Jackpot,湛蓝深海彩池,1,1,1,1,0,1,0.990%,Great Blue Jackpot,"grbjpj-1,grbjpj-2,grbjpj-3,grbjpj-4","深蓝（鲸鱼）：€40,000
浅蓝（鲨鱼）：€2,000
绿色（乌龟）：€200
黄色（鱼）：€20
Dark Blue (Whale): €40,000
Light Blue (Shark): €2,000
Green (Turtle): €200
Yellow (Fish): €20",94.03%,3x5,25
Progressive Slot Machines,Jackpot Slots,aeolus,Age of the Gods: God of Storms,众神时代：风暴之神,1,1,0,1,0,1,0.990%,Age of Gods Jackpot,"mrj-1,mrj-2,mrj-3,mrj-4","Power：€50
Extra Power：€500
Super Power：€5,000
Ultimate Power：€100,000",95.15%,3x5,25
Progressive Slot Machines,Jackpot Slots,fmn,Fruit Mania,水果嘉年华,1,1,0,0,0,1,1.000%,Fruit Mania Jackpot,fmn1,"5,000 × 线注
5,000 × line bet",95.76%,3x5,5
Progressive Slot Machines,Jackpot Slots,lndg,Land of Gold,遍地黄金,1,1,1,1,0,1,1.000%,Land of Gold Jackpot,lndg-1,"EUR 5,000",94.15%,3-4-4-4-3,5
Progressive Slot Machines,Jackpot Slots,ashadv,Adventures in Wonderland Deluxe,仙境冒险豪华版,1,1,1,1,0,1,1.580%,Adventures in Wonderland Deluxe Jackpot,ashadv-1,EUR 20000,86.42%,3x5,20
Progressive Slot Machines,Jackpot Slots,mnkmn,Monkey Mania,疯狂猴子,1,1,0,0,0,1,0.44%-0.66%,Monkey Mania Jackpot,"mnkmn-1,mnkmn-2","MEGA: EUR 90 000
GRAND: EUR 9 000",95.93%,3x3,8
Progressive Slot Machines,Jackpot Slots,ljxy,Long Jia Xiang Yun,龙驾祥云,1,1,0,0,0,1,1.500%,Long Jia Xiang Yun Jackpot,"ljxyjp-1,ljxyjp-2","封顶累积奖金'必须在¥ 8,888前派彩',种子基于累积贡献的动态值
Capped jackpot:dynamic value based on accumulated contribution.
累积奖金：¥ 20,000
Progressive jackpot: ¥ 20,000",95.19%,3,1
Progressive Slot Machines,Jackpot Slots,nian_k,Nian Nian You Yu Asia,年年有余亚洲版,0,1,0,1,0,1,1.000%,Dragon Jackpot,"drgj-1,drgj-2,drgj-3,drgj-4","Green: €10
Blue: €100
Red: €1,000
Yellow: €20,000",96.03%,3x5,9
Progressive Slot Machines,Jackpot Slots,esm,Esmeralda,埃斯梅拉达,1,1,1,0,0,1,1.700%,Esmeralda Jackpot,"esm1,esm2,esm3,esm4","25,000 × 线注
25,000 × line bet",91.83%,3x5,25
Progressive Slot Machines,Jackpot Slots,ftsis,Age of the Gods: Fate sisters,众神时代：命运姊妹,1,1,1,1,0,1,0.990%,Age of Gods Jackpot,"mrj-1,mrj-2,mrj-3,mrj-4","Power：€50
Extra Power：€500
Super Power：€5,000
Ultimate Power：€100,000",92.03%,3x5,25
Progressive Slot Machines,Jackpot Slots,furf,Age of the Gods: Furious Four,众神时代：雷霆4,1,1,1,1,0,1,0.990%,Age of Gods Jackpot,"mrj-1,mrj-2,mrj-3,mrj-4","Power：€50
Extra Power：€500
Super Power：€5,000
Ultimate Power：€100,000",93.88%,3x5,20
Progressive Slot Machines,Jackpot Slots,aogs,Age of the Gods,众神时代,1,1,1,1,0,1,0.990%,Age of Gods Jackpot,"mrj-1,mrj-2,mrj-3,mrj-4","Power：€50
Extra Power：€500
Super Power：€5,000
Ultimate Power：€100,000",94.03%,3x5,20
Progressive Slot Machines,Jackpot Slots,bl,Beach Life,海滨嘉年华,1,1,0,0,0,1,3.000%,Beach Life Jackpot,bl,"100,000 × 线注
100,000 ×  line bet",90.25%,3x5,20
Progressive Slot Machines,Jackpot Slots,xufe,Xuan Pu Lian Huan,玄圃联欢,1,1,1,1,0,1,1.000%,Dragon Jackpot,"drgj-1,drgj-2,drgj-3,drgj-4","Green: €10
Blue: €100
Red: €1,000
Yellow: €20,000",96.03%,3x5,25
Progressive Slot Machines,Jackpot Slots,zeus,Age of the Gods: King of Olympus,众神时代：奥林匹斯之王,1,1,1,1,0,1,0.990%,Age of Gods Jackpot,"mrj-1,mrj-2,mrj-3,mrj-4","Power：€50
Extra Power：€500
Super Power：€5,000
Ultimate Power：€100,000",94.99%,3x5,25
Progressive Slot Machines,Jackpot Slots,wsffr,Wall Street Fever,华尔街狂热,1,0,0,0,0,1,1.000%,Wall Street Fever Jackpot,wsffr,"15 000 x 硬币值
15 000 x coin size",94.09%,3x5,5
Progressive Slot Machines,Jackpot Slots,pyrr,Pyramid of Ramesses,拉美西斯金字塔,1,0,0,0,0,1,2.000%,Pyramid of Ramesses Jackpot,"pyrr10,pyrr7,pyrr8,pyrr9","15,000 × 线注
15,000 × line bet",92.39%,3x5,25
Progressive Slot Machines,Jackpot Slots,jbells,Jackpot Bells,彩池铃铛,1,1,0,1,0,1,2.000%,Bells Jackpot,"jbells1-1,jbells2-2,jbells3-3,jbells4-4","2,500 x 总赌注
2,500 x bet",94.03%,3x5,5
Progressive Slot Machines,Jackpot Slots,cbells,Christmas Jackpot Bells,圣诞彩池铃铛,1,1,0,1,0,1,2.000%,Bells Jackpot,"jbells1-1,jbells2-2,jbells3-3,jbells4-4","2,500 x 总赌注
2,500 x bet",96.03%,3x5,5
Progressive Slot Machines,Jackpot Slots,ashwnoz,Winnings of Oz,绿野仙踪,1,1,0,1,0,1,1.090%,Winnings of Oz Jackpot,ashwnoz-1,20000,92.00%,3x5,25
Progressive Slot Machines,Jackpot Slots,ashlcl,Leprechaun's Luck,妖精的幸运,1,1,0,1,0,1,1.590%,Leprechaun's Luck Jackpot,ashlcl-1,"EUR 20,000",86.42%,3x5,20
Progressive Slot Machines,Jackpot Slots,ashjcb,Juicy Booty,水果大赢家,1,0,0,1,0,1,1.000%,Juicy Booty Jackpot,ashjcb-1,"EUR 10,000",95.03%,3x5,25
Progressive Slot Machines,Jackpot Slots,ashabw,Adventures Beyond Wonderland,仙境冒险,1,1,0,1,0,1,0.990%,Adventures Beyond Wonderland Jackpot,ashabw-1,EUR 19608.59,95.02%,3x5,243
Progressive Slot Machines,Jackpot Slots,aogrots,Age of the Gods: Ruler of the Sky,众神时代：天空统治者,1,1,0,1,0,1,0.990%,Age of Gods Jackpot,"mrj-1,mrj-2,mrj-3,mrj-4","Power：€50
Extra Power：€500
Super Power：€5,000
Ultimate Power：€100,000",90.05%,4x5,40
Progressive Slot Machines,Jackpot Slots,aogroo,Age of the Gods: Rulers of Olympus,众神时代：奥林匹斯统治者,1,1,1,1,0,1,0.990%,Age of Gods Jackpot,"mrj-1,mrj-2,mrj-3,mrj-4","Power：€50
Extra Power：€500
Super Power：€5,000
Ultimate Power：€100,000",94.06%,3x5,25
Progressive Slot Machines,Jackpot Slots,aogmt,Age Of The Gods: Mighty Midas,众神时代：强大的迈达斯,1,1,0,1,0,1,0.990%,Age of Gods Jackpot,"mrj-1,mrj-2,mrj-3,mrj-4","Power：€50
Extra Power：€500
Super Power：€5,000
Ultimate Power：€100,000",96.34%,4x5,40
Progressive Slot Machines,Jackpot Slots,aogmm,Age of the Gods: Medusa & Monsters,众神时代：美杜莎与怪兽,1,1,0,1,0,1,0.990%,Age of Gods Jackpot,"mrj-1,mrj-2,mrj-3,mrj-4","Power：€50
Extra Power：€500
Super Power：€5,000
Ultimate Power：€100,000",95.10%,6x7x6x7x6x7,164
Progressive Slot Machines,Jackpot Slots,slion,Super Lion,超级狮子,1,1,0,1,0,1,0.400%,Super Lion Jackpot,slion,游戏屏幕顶部看到当前的累积奖金额 depending on your bet size.,96.50%,3x5,10
Progressive Slot Machines,Jackpot Slots,kfp,Liu Fu Shou,六福兽,1,1,0,1,0,1,2.000%,LIU FU SHOU™ PROGRESSIVE JACKPOT,kfp,游戏屏幕顶部看到当前的累积奖金额 depending on your bet size.,95.97%,N/A,N/A
Progressive Slot Machines,Jackpot Slots,aztec,Inca Jackpot,印加帝国头奖,1,1,0,1,0,1,2.000%,INCA PROGRESSIVE JACKPOT,aztec,N/A,95.99%,N/A,N/A
Progressive Slot Machines,Jackpot Slots,ririshc,Ri Ri Sheng Cai,日日生财,1,1,1,1,0,1,9.000%,,"ririshc-6,ririshc-5,ririshc-8,ririshc-7,ririshc-2,ririshc-1,ririshc-4,ririshc-3",,96.00%,3x5,243
Progressive Slot Machines,Jackpot Slots,wlcsh,Wu Lu Cai Shen,五路财神,1,1,1,1,0,1,6.000%,5 OF A KIND JACKPOT,"wlcsh3-2,wlcsh3-1,wlcsh3-4,wlcsh3-3,wlcsh3-5","Zhao Gong Ming: 5,000 × Line Bet or Jackpot
Xiao Sheng: 2,500 × Line Bet or Jackpot
Chen Jiu Gong: 1,500 × Line Bet or Jackpot
Cao Bao: 700 × Line Bet or Jackpot
Yao Shao Si: 310 × Line Bet or Jackpot",96.41%,3x5,15
Progressive Slot Machines,Jackpot Slots,ftg,Five Tiger Generals,五虎将,1,1,1,1,0,1,6.000%,5 OF A KIND JACKPOT,"ftg3-3,ftg3-4,ftg3-5,ftg3-1,ftg3-2","Guan Yu: 5,000 × Line Bet or Jackpot
Zhang Fei: 2,500 × Line Bet or Jackpot
Zhao Yun: 1,500 × Line Bet or Jackpot
Ma Chao: 700 × Line Bet or Jackpot
Huang Zhong: 310 × Line Bet or Jackpot",96.41%,3x5,15
Progressive Slot Machines,Jackpot Slots,infdrg,Infinity Dragon,无尽之龙,1,1,0,0,0,1,2.000%,Infinity Dragon Jackpot,infdrg2-2,"取决于累积贡献的数额。
an amount dependent on accumulated contribution.",96.03%,3x5,10
Progressive Slot Machines,Jackpot Slots,gfal,Rulers of the World: Empire Treasures, 世界统治者：帝国宝藏,1,1,0,0,0,1,0.990%,Empire Treasures™ Jackpot,dcjp,,96.31%,4x5,40
Slot Machines,Slot Machines,ashamw,Amazon Wild,亚马逊野兽,1,1,0,0,0,0,N/A,N/A,N/A,N/A,94.50%,4x5,100
Slot Machines,Slot Machines,wotp,Ways of the Phoenix,凤凰之道,1,1,1,1,0,0,N/A,N/A,N/A,N/A,95.98%,5x5,5
Slot Machines,Slot Machines,gts50,Hot Gems,热辣宝石,1,1,1,0,0,0,N/A,N/A,N/A,N/A,95.99%,3x5,25
Slot Machines,Slot Machines,pmn,Panther Moon,黑豹之月,1,1,0,0,0,0,N/A,N/A,N/A,N/A,95.17%,3x5,15
Slot Machines,Slot Machines,ges,Geisha Story,艺伎故事,1,1,1,0,0,0,N/A,N/A,N/A,N/A,95.48%,3x5,15
Slot Machines,Slot Machines,tigc,Tiger Claw,虎爪,1,1,1,1,0,0,N/A,N/A,N/A,N/A,95.96%,4X6,6
Slot Machines,Slot Machines,mobdt,Desert Treasure,沙漠财宝,1,1,1,1,0,0,N/A,N/A,N/A,N/A,97.05%,3x5,20
Slot Machines,Slot Machines,hk,Highway Kings,高速公路之王,1,1,0,0,0,0,N/A,N/A,N/A,N/A,97.06%,3x5,9
Slot Machines,Slot Machines,gos,Golden Tour,黄金之旅,1,1,0,0,0,0,N/A,N/A,N/A,N/A,97.71%,3x5,5
Slot Machines,Slot Machines,gtssmbr,Samba Brazil,激情桑巴,1,0,1,0,0,0,N/A,N/A,N/A,N/A,95.08%,3x5,25
Slot Machines,Slot Machines,vcstd,Vacation Station Deluxe,假日车站豪华版,1,1,0,1,0,0,N/A,N/A,N/A,N/A,96.93%,3x3,8
Slot Machines,Slot Machines,shmst,Sherlock Mystery,神秘夏洛克,1,1,1,1,0,0,N/A,N/A,N/A,N/A,94.09%,3x5,20
Slot Machines,Slot Machines,fxf,Fortunes of the Fox,狐媚宝藏,1,1,1,1,0,0,N/A,N/A,N/A,N/A,95.11%,3x5,25
Slot Machines,Slot Machines,mcb,Mr. Cashback,返利先生,1,1,1,1,0,0,N/A,N/A,N/A,N/A,95.46%,3x5,15
Slot Machines,Slot Machines,jnglg,Jungle Giants,丛林巨兽,1,1,1,1,0,0,N/A,N/A,N/A,N/A,95.09%,3x5,50
Slot Machines,Slot Machines,eas,Easter Surprise,复活节惊喜,1,1,0,1,0,0,N/A,N/A,N/A,N/A,97.05%,3x5,20
Slot Machines,Slot Machines,er,Vacation Station,假日车站,1,1,0,0,0,0,N/A,N/A,N/A,N/A,96.93%,3x3,8
Slot Machines,Slot Machines,bfb,Buffalo Blitz,水牛闪电战,1,1,1,1,0,0,N/A,N/A,N/A,N/A,95.95%,4X6,4096
Slot Machines,Slot Machines,ashhotj,Heart of the Jungle,丛林之心,1,1,1,1,0,0,N/A,N/A,N/A,N/A,96.96%,3x5,50
Slot Machines,Slot Machines,bt,Bermuda Triangle,百慕大三角,1,1,0,0,0,0,N/A,N/A,N/A,N/A,96.73%,3x3,5
Slot Machines,Slot Machines,sfh,Safari Heat,非洲炙热,1,1,1,0,0,0,N/A,N/A,N/A,N/A,96.16%,3x5,15
Slot Machines,Slot Machines,yclong,Yun Cong Long,云从龙,1,1,1,0,0,0,N/A,N/A,N/A,N/A,95.99%,4x5,40
Slot Machines,Slot Machines,lm,Lotto Madness,疯狂乐透,1,1,1,0,0,0,N/A,N/A,N/A,N/A,97.06%,3x5,20
Slot Machines,Slot Machines,gtsatq,Atlantis Queen,亚特兰蒂斯女王,1,1,1,0,0,0,N/A,N/A,N/A,N/A,95.98%,3x5,25
Slot Machines,Slot Machines,ashhof,Heart of the Frontier,边境之心,1,1,1,1,0,0,N/A,N/A,N/A,N/A,96.09%,3x5,20
Slot Machines,Slot Machines,fm,Funky Monkey,古怪猴子,1,1,0,0,0,0,N/A,N/A,N/A,N/A,97.15%,1x3,1
Slot Machines,Slot Machines,sib,Silver Bullet,银色子弹,1,1,0,0,0,0,N/A,N/A,N/A,N/A,96.84%,3x5,9
Slot Machines,Slot Machines,drgch,Dragon Champions,龙之战士,1,1,1,0,0,0,N/A,N/A,N/A,N/A,95.12%,4X6,4096
Slot Machines,Slot Machines,samz,Secrets of the Amazon,亚马逊之秘密,1,1,1,1,0,0,N/A,N/A,N/A,N/A,95.28%,3x5,20
Slot Machines,Slot Machines,donq,The Riches of Don Quixote,唐吉诃德的财富,1,1,1,1,0,0,N/A,N/A,N/A,N/A,94.99%,3x5,25
Slot Machines,Slot Machines,epa,Epic Ape,猿人传奇,1,1,1,0,0,0,N/A,N/A,N/A,N/A,95.96%,4X6,4096
Slot Machines,Slot Machines,tpd2,Thai Paradise,泰香苑,1,1,1,0,0,0,N/A,N/A,N/A,N/A,94.36%,3x5,15
Slot Machines,Slot Machines,legwld,Legacy of the Wild,野外宝藏,1,1,1,1,0,0,N/A,N/A,N/A,N/A,96.06%,4x5,40
Slot Machines,Slot Machines,bob,Bonus Bears,奖金熊,1,1,1,0,0,0,N/A,N/A,N/A,N/A,95.17%,3x5,25
Slot Machines,Slot Machines,gtswg,Wild Gambler,疯狂赌徒,1,1,1,1,0,0,N/A,N/A,N/A,N/A,97.00%,3x5,20
Slot Machines,Slot Machines,whk,White King,白狮王,1,1,1,1,0,0,N/A,N/A,N/A,N/A,90.05%,4x5,40
Slot Machines,Slot Machines,nk,Neptune's Kingdom,海王星王国,1,1,0,0,0,0,N/A,N/A,N/A,N/A,97.19%,3x3,5
Slot Machines,Slot Machines,anwild,Anaconda Wild,狂野蟒蛇,1,1,0,0,0,0,N/A,N/A,N/A,N/A,95.48%,4x6,50
Slot Machines,Jackpot Slots,fcgz,Fei Cui Gong Zhu,翡翠公主,1,1,1,1,0,1,1.000%,Dragon Jackpot,"drgj-1,drgj-2,drgj-3,drgj-4","Green: €10
Blue: €100
Red: €1,000
Yellow: €20,000",95.93%,3x5,20
Slot Machines,Slot Machines,gtsfc,Football Carnival,英式足球嘉年华,1,1,1,0,0,0,N/A,N/A,N/A,N/A,91.32%,3x5,50
Slot Machines,Slot Machines,ct,Captain Treasure,船长宝藏,1,1,0,0,0,0,N/A,N/A,N/A,N/A,97.06%,3x5,9
Slot Machines,Slot Machines,bib,Great Blue,湛蓝深海,1,1,1,1,0,0,N/A,N/A,N/A,N/A,96.03%,3x5,25
Slot Machines,Slot Machines,pgv,Penguin Vacation,企鹅度假,1,1,1,0,0,0,N/A,N/A,N/A,N/A,94.25%,3x5,20
Slot Machines,Slot Machines,ssp,Santa Surprise,圣诞惊喜,1,1,1,1,0,0,N/A,N/A,N/A,N/A,97.05%,3x5,20
Slot Machines,Slot Machines,sis,Silent Samurai,忍者风云,1,1,1,0,0,0,N/A,N/A,N/A,N/A,95.77%,3x5,9
Slot Machines,Slot Machines,bs,Bai Shi,白狮,1,1,1,1,0,0,N/A,N/A,N/A,N/A,95.99%,4x5,40
Slot Machines,Slot Machines,trl,True Love,真挚之恋,1,1,1,0,0,0,N/A,N/A,N/A,N/A,94.35%,3x5,15
Slot Machines,Slot Machines,ub,Ugga Bugga,部落生活,1,1,0,0,0,0,N/A,N/A,N/A,N/A,99.07%,3,10
Slot Machines,Slot Machines,ashicv,Ice Cave,冰穴,1,1,0,1,0,0,N/A,N/A,N/A,N/A,96.11%,3x5,20
Slot Machines,Slot Machines,paw,Piggies and the Wolf,小猪与狼,1,1,1,1,0,0,N/A,N/A,N/A,N/A,92.10%,3x5,50
Slot Machines,Slot Machines,hh,Haunted House,鬼屋,1,1,0,0,0,0,N/A,N/A,N/A,N/A,96.71%,3x3,5
Slot Machines,Slot Machines,gtsgme,The Great Ming Empire,大明帝国,1,1,1,0,0,0,N/A,N/A,N/A,N/A,96.15%,3x5,5
Slot Machines,Slot Machines,mfrt,Miss Fortune,命运女神,1,1,1,1,0,0,N/A,N/A,N/A,N/A,95.03%,3x5,25
Slot Machines,Slot Machines,arc,Archer,弓箭手,1,1,1,0,0,0,N/A,N/A,N/A,N/A,96.78%,3x5,5
Slot Machines,Slot Machines,dnr,Dolphin Reef,海豚礁堡,1,1,1,0,0,0,N/A,N/A,N/A,N/A,95.23%,3x5,20
Slot Machines,Slot Machines,wlg,Wu Long,舞龙,1,1,1,1,0,0,N/A,N/A,N/A,N/A,94.13%,3x5,25
Slot Machines,Slot Machines,irl,Irish Luck,幸运爱尔兰,1,1,1,0,0,0,N/A,N/A,N/A,N/A,94.25%,3x5,30
Slot Machines,Slot Machines,c7,Crazy 7,疯狂7,1,1,0,0,0,0,N/A,N/A,N/A,N/A,96.98%,1x3,1
Slot Machines,Slot Machines,whk2,White King II,白狮王2,1,1,1,1,0,0,N/A,N/A,N/A,N/A,91.40%,4x5,40
Slot Machines,Slot Machines,hlf,Halloween Fortune,万圣节财富,1,1,1,0,0,0,N/A,N/A,N/A,N/A,97.06%,3x5,20
Slot Machines,Slot Machines,mgstk,Magical Stacks,魔法堆叠,1,1,1,1,0,0,N/A,N/A,N/A,N/A,95.03%,3x5,20
Slot Machines,Slot Machines,rng2,Rome and Glory,罗马荣耀,1,1,1,0,0,0,N/A,N/A,N/A,N/A,94.36%,3x5,20
Slot Machines,Slot Machines,catqc,Cat Queen,猫女王,1,1,1,1,0,0,N/A,N/A,N/A,N/A,93.60%,3x5,40
Slot Machines,Slot Machines,gtspor,Plenty O'Fortune,财富海洋,1,1,1,0,0,0,N/A,N/A,N/A,N/A,91.95%,3x5,20
Slot Machines,Slot Machines,popc,Gaelic Luck,幸运盖尔,1,1,1,1,0,0,N/A,N/A,N/A,N/A,97.06%,3x5,20
Slot Machines,Slot Machines,hb,A Night Out,狂欢夜,1,1,1,0,0,0,N/A,N/A,N/A,N/A,97.06%,3x5,20
Slot Machines,Slot Machines,ashsbd,Sinbad's Golden Voyage,辛巴达的黄金之旅,1,1,1,1,0,0,N/A,N/A,N/A,N/A,97.01%,7x6,164
Slot Machines,Slot Machines,fbr,Football Rules,英式足球,1,1,1,0,0,0,N/A,N/A,N/A,N/A,97.06%,3x5,25
Slot Machines,Slot Machines,zcjb,Zhao Cai Jin Bao,招财进宝,1,1,0,0,0,0,N/A,N/A,N/A,N/A,95.99%,3x5,9
Slot Machines,Slot Machines,pst,Pharaoh's Secrets,法老王的秘密,1,1,1,0,0,0,N/A,N/A,N/A,N/A,95.00%,3x5,20
Slot Machines,Slot Machines,cm,Chinese Kitchen,中式厨房,1,1,0,0,0,0,N/A,N/A,N/A,N/A,96.92%,3x3,8
Slot Machines,Slot Machines,www,Wolves Wolves Wolves,狼狼狼,1,1,1,1,0,0,N/A,N/A,N/A,N/A,94.08%,3x5,40
Slot Machines,Slot Machines,totl,Treasures of the Lamps,神灯宝藏,1,1,1,1,0,0,N/A,N/A,N/A,N/A,95.25%,3x5,20
Slot Machines,Slot Machines,strsawk,Stars Awakening,星球觉醒,1,1,0,1,0,0,N/A,N/A,N/A,N/A,95.93%,3×5,20
Slot Machines,Slot Machines,scrdstns,Sacred Stones,神石,1,1,1,1,0,0,N/A,N/A,N/A,N/A,96.15%,3×5,20
Slot Machines,Slot Machines,rrd,Royal Respin Deluxe,皇家重转豪华版,1,1,0,1,0,0,N/A,N/A,N/A,N/A,95.10%,3x3,9
Slot Machines,Slot Machines,mwilds,Maji Wilds,马基荒野,1,1,0,1,0,0,N/A,N/A,N/A,N/A,95.25%,4x5,50
Slot Machines,Slot Machines,murder,Murder Mystery,谋杀之谜,1,1,1,1,0,0,N/A,N/A,N/A,N/A,96.53%,4×5,40
Slot Machines,Slot Machines,lumli,Luminous Life,闪耀生命,1,1,1,1,0,0,N/A,N/A,N/A,N/A,94.44%,3x5,25
Slot Machines,Slot Machines,jdlo,Juego De La Oca,赛鹅图,1,1,0,1,0,0,N/A,N/A,N/A,N/A,95.05%,3x5,20
Slot Machines,Slot Machines,hwilds,Hologram Wilds,全息荒野,1,1,1,1,0,0,N/A,N/A,N/A,N/A,95.97%,4x5,40
Slot Machines,Slot Machines,gemheat,Gem Heat,宝石狂热,1,1,1,1,0,0,N/A,N/A,N/A,N/A,94.99%,3x5,10
Slot Machines,Slot Machines,galst,Galactic Streak,银河斑纹,1,1,1,1,0,0,N/A,N/A,N/A,N/A,95.95%,4x4,20
Slot Machines,Slot Machines,dvncv,Da Vinci's Vault,达芬奇之顶,1,1,1,1,0,0,N/A,N/A,N/A,N/A,92.06%,3x5,20
Slot Machines,Slot Machines,bup,Buckle Up,系上安全带,1,1,0,1,0,0,N/A,N/A,N/A,N/A,95.80%,4x3,26
Slot Machines,Slot Machines,bigsh,Big Shots,大人物,1,1,1,1,0,0,N/A,N/A,N/A,N/A,96.10%,4X6,4096
Slot Machines,Slot Machines,bbbo,Berry Berry Bonanza,浆果大富园,1,1,0,1,0,0,N/A,N/A,N/A,N/A,95.99%,3x5,9
Slot Machines,Slot Machines,ashjut,Jungle Trouble,丛林危机,1,1,1,1,0,0,N/A,N/A,N/A,N/A,96.07%,3x5,15
Slot Machines,Slot Machines,ashjid,Jurassic Island,侏罗纪岛,1,1,1,1,0,0,N/A,N/A,N/A,N/A,96.53%,3x5,25
Slot Machines,Slot Machines,ashfgf,Fairground Fortunes Ghost Train,好运连连幽灵火车,1,1,1,1,0,0,N/A,N/A,N/A,N/A,94.06%,4x5,20
Slot Machines,Slot Machines,agoeg,Age of Egypt,埃及时代,1,1,1,1,0,0,N/A,N/A,N/A,N/A,97.05%,3x5,20
Slot Machines,Slot Machines,gtsje,Jade Emperor Yu Huang Da Di,玉皇大帝,1,1,1,0,0,0,N/A,N/A,N/A,N/A,95.97%,3x5,20
Slot Machines,Slot Machines,ght_a,Lie Yan Zuan Shi,烈焰钻石,1,1,1,1,0,0,N/A,N/A,N/A,N/A,94.99%,3x5,25
Slot Machines,Slot Machines,gtsswk,Sun WuKong,孙悟空,1,1,1,0,0,0,N/A,N/A,N/A,N/A,96.00%,3x5,15
Slot Machines,Slot Machines,gtsjxb,Ji Xiang 8,吉祥8,1,1,0,0,0,0,N/A,N/A,N/A,N/A,95.99%,3x3,8
Slot Machines,Slot Machines,hlf2,Halloween Fortune 2,万圣节财富2,1,1,1,1,0,0,N/A,N/A,N/A,N/A,94.99%,3x5,25
Slot Machines,Slot Machines,gtsflzt,Fei Long Zai Tian,飞龙在天,1,1,1,0,0,0,N/A,N/A,N/A,N/A,96.04%,3x5,25
Slot Machines,Slot Machines,trpmnk,Triple Monkey,三倍猴子,1,1,0,1,0,0,N/A,N/A,N/A,N/A,97.00%,3x3,5
Slot Machines,Slot Machines,asfa,Asian Fantasy,亚洲幻想,1,1,1,1,0,0,N/A,N/A,N/A,N/A,94.90%,3x5,40
Slot Machines,Slot Machines,frtln,Fortune Lions,幸运狮子,1,1,0,1,0,0,N/A,N/A,N/A,N/A,96.00%,3x5,20
Slot Machines,Slot Machines,hotktv,Hot KTV,火热KTV,1,1,1,1,0,0,N/A,N/A,N/A,N/A,95.56%,3x5,20
Slot Machines,Slot Machines,heavru,Heavenly Ruler,武则天,1,1,1,1,0,0,N/A,N/A,N/A,N/A,96.32%,3x5,30
Slot Machines,Slot Machines,fkmj,Feng Kuang Ma Jiang,疯狂麻将,1,1,1,1,0,0,N/A,N/A,N/A,N/A,96.06%,3x5,25
Slot Machines,Slot Machines,chao,Chaoji 888,超级888,1,1,0,1,0,0,N/A,N/A,N/A,N/A,96.47%,3,1
Slot Machines,Slot Machines,fday,Fortune Day,幸运日,1,1,1,1,0,0,N/A,N/A,N/A,N/A,97.51%,3x5,20
Slot Machines,Slot Machines,longlong,Long Long Long,龙龙龙,1,1,0,1,0,0,N/A,N/A,N/A,N/A,96.31%,3,1
Slot Machines,Slot Machines,ririjc,Ri Ri Jin Cai,日日进财,1,1,1,1,0,0,N/A,N/A,N/A,N/A,93.50%,3x5,20
Slot Machines,Slot Machines,gemq,Gem Queen,宝石女王,1,1,1,1,0,0,N/A,N/A,N/A,N/A,96.06%,3x5,25
Slot Machines,Slot Machines,zctz,Zhao Cai Tong Zi,招财童子,1,1,0,1,0,0,N/A,N/A,N/A,N/A,97.01%,3x5,9
Slot Machines,Slot Machines,sx,Si Xiang,四象,1,1,1,1,0,0,N/A,N/A,N/A,N/A,96.00%,3x5,9
Slot Machines,Slot Machines,qnw,Queen of Wands,王后的权杖,1,1,1,1,0,0,N/A,N/A,N/A,N/A,96.96%,3x5,40
Slot Machines,Slot Machines,jqw,Jin Qian Wa,金钱蛙,1,1,1,1,0,0,N/A,N/A,N/A,N/A,96.96%,3x5,40
Table Games,Roulette Games,sbro,Spread Bet Roulette,轮盘赌分散打,1,1,0,0,1,0,N/A,N/A,N/A,N/A,97.30%,N/A,N/A
Table Games,Roulette Games,ro_g,Premium European Roulette,奖金欧式轮盘,1,1,0,0,1,0,N/A,N/A,N/A,N/A,97.30%,N/A,N/A
Table Games,Roulette Games,mobro,Mobile Roulette,轮盘赌,1,0,0,0,1,0,N/A,N/A,N/A,N/A,97.30%,N/A,N/A
Table Games,Roulette Games,drgro,Dragon Jackpot Roulette,巨龙彩池轮盘,1,1,0,0,1,1,1.000%,Dragon Jackpot,"drgj-1,drgj-2,drgj-3,drgj-4","Green: €10
Blue: €100
Red: €1,000
Yellow: €20,000",96.30%,N/A,N/A
Table Games,Roulette Games,ro,Classic Roulette,经典轮盘,1,1,0,0,1,0,N/A,N/A,N/A,N/A,97.30%,N/A,N/A
Table Games,Roulette Games,rodz_g,Premium American Roulette,奖金美式轮盘,1,1,0,0,1,0,N/A,N/A,N/A,N/A,94.74%,N/A,N/A
Table Games,Roulette Games,aogro,Age of the Gods Roulette,众神时代轮盘,1,1,0,0,0,1,0.990%,Age of Gods Jackpot,"mrj-1,mrj-2,mrj-3,mrj-4","Power：€50
Extra Power：€500
Super Power：€5,000
Ultimate Power：€100,000",94.74%,N/A,N/A
Table Games,Roulette Games,dbro,Diamond Bet Roulette,钻石拼轮盘赌,1,1,0,0,1,0,N/A,N/A,N/A,N/A,95.39%,N/A,N/A
Table Games,Roulette Games,supro,Super Roulette,超级轮盘,1,1,0,0,1,0,N/A,N/A,N/A,N/A,95.60%,N/A,N/A
Table Games,Roulette Games,ro101,101 Roulette,101轮盘,1,1,0,0,1,0,N/A,N/A,N/A,N/A,96.19%,N/A,N/A
Table Games,Roulette Games,qro,Quantum Roulette Instant Play,翻倍轮盘,1,1,0,0,1,0,N/A,N/A,N/A,N/A,97.30%,N/A,N/A
Table Games,Roulette Games,prol,Penny Roulette,轮盘小额版,1,0,0,0,1,0,N/A,N/A,N/A,N/A,97.30%,N/A,N/A
Table Games,Roulette Games,presrol,Roulette Deluxe,轮盘豪华版,1,1,0,0,1,0,N/A,N/A,N/A,N/A,97.30%,N/A,N/A
Table Games,Roulette Games,frr_g,Premium French Roulette,法式奖金轮盘赌,1,0,0,0,1,0,N/A,N/A,N/A,N/A,97.74%,N/A,N/A
Table Games,Roulette Games,db1000ro,1000 Diamond Bet Roulette,1000钻石轮盘赌,1,1,0,0,1,0,N/A,N/A,N/A,N/A,96.19%,N/A,N/A
Table Games,Roulette Games,mfbro,Mega Fire Blaze: Roulette,百万烈焰大奖：轮盘,1,1,0,0,1,0,N/A,N/A,N/A,N/A,97.31%,N/A,N/A
Video Pokers,Poker Games,po,Jacks or Better,杰克高手,1,1,0,0,0,0,N/A,N/A,N/A,N/A,99.54%,N/A,N/A
Video Pokers,Poker Games,jp,Joker Poker,小丑扑克,1,0,0,0,0,0,N/A,N/A,N/A,N/A,98.60%,N/A,N/A
Video Pokers,Poker Games,jb_mh,Jacks or Better Multi-Hand,多幅杰克高手,1,1,0,0,0,0,N/A,N/A,N/A,N/A,97.30%,N/A,N/A
Video Pokers,Poker Games,dw_mh,Deuces Wild Multi-Hand,演绎狂野,1,1,0,0,0,0,N/A,N/A,N/A,N/A,98.91%,N/A,N/A
Video Pokers,Poker Games,af_mh,Aces and Faces Multi-Hand,最佳拍档,1,1,0,0,0,0,N/A,N/A,N/A,N/A,99.25%,N/A,N/A
,,,,,,,,,,,,,,,,,
,,,,,,,,,,,,,,,,,
,,,,,,,,,,,,,,,,,
,,,,,,,,,,,,,,,,,
,,,,,,,,,,,,,,,,,
Tempory Game Removal,,,,,,,,,,,,,,,,,
Slot Machines,gpas_rcube_pop,Rubik's Cube,"July 26, 2021",,,,,,,,,,,,,,
POP Arcade,pop_3d62bb7b_3kg,Warrior Fishing,April 01，2023,,,,,,,,,,,,,,
,,,,,,,,,,,,,,,,,
,,,,,,,,,,,,,,,,,
New Games Added,,,,,,,,,,,,,,,,,
Slot Machines,pop_bbw_qsp,Big Bad Wolf,June 23，2023,,,,,,,,,,,,,,
Slot Machines,pop_93fdb01a_qsp,Cash Truck,June 23，2023,,,,,,,,,,,,,,
Slot Machines,pop_winsfortune_qsp,Wins of Fortune,June 23，2023,,,,,,,,,,,,,,
Slot Machines,pop_68f6f2e6_qsp,Eastern Emeralds Megaways,June 23，2023,,,,,,,,,,,,,,
Slot Machines,pop_eastrnemrlds_qsp,Eastern Emeralds,June 23，2023,,,,,,,,,,,,,,
Slot Machines,pop_dragonshrine_qsp,Dragon Shrine,June 23，2023,,,,,,,,,,,,,,
Slot Machines,pop_518163c8_qsp,Sakura Fortune 2,June 23，2023,,,,,,,,,,,,,,
Slot Machines,pop_85462c30_qsp,Big Bad Wolf Megaways,June 23，2023,,,,,,,,,,,,,,
Slot Machines,pop_4512e199_qsp,Raven Rising,June 23，2023,,,,,,,,,,,,,,
Slot Machines,pop_b55ba1d4_qsp,Hammer of Vulcan,June 23，2023,,,,,,,,,,,,,,
,,,,,,,,,,,,,,,,,
Permanent Game Removal,,,,,,,,,,,,,,,,,
Jackpot Slots,photk,Purple Hot Kiosk,"December 29, 2020",,,,,,,,,,,,,,
Slot Machines,gpas_glorybrit_pop,Glory and Britannia,"December 30, 2020",,,,,,,,,,,,,,
Slot Machines,gpas_myfairpearl_pop,My Fair Pearl,"March 29, 2021",,,,,,,,,,,,,,
Slot Machines,gpas_turniton_pop,Turn It On,"March 29, 2021",,,,,,,,,,,,,,
Slot Machines,gtsaod,Innocence or Temptation,"September 15, 2021",,,,,,,,,,,,,,
Slot Machines,gtsbtg,Battle of the Gods,"September 15, 2021",,,,,,,,,,,,,,
Slot Machines,ashctw,Catwalk,"September 15, 2021",,,,,,,,,,,,,,
Slot Machines,dlm,Dr. Lovemore,"September 15, 2021",,,,,,,,,,,,,,
Slot Machines,gtsdgk,Dragon Kingdom,"September 15, 2021",,,,,,,,,,,,,,
Slot Machines,ashfmn,Firemen,"September 15, 2021",,,,,,,,,,,,,,
Slot Machines,gro,Greatest Odyssey,"September 15, 2021",,,,,,,,,,,,,,
Slot Machines,ashhwt,Hawaiian Treasure,"September 15, 2021",,,,,,,,,,,,,,
Slot Machines,gtsir,Ice Run,"September 15, 2021",,,,,,,,,,,,,,
Slot Machines,ashneo,Neon Life,"September 15, 2021",,,,,,,,,,,,,,
Slot Machines,op,Ocean Princess,"September 15, 2021",,,,,,,,,,,,,,
POP Slots,gpas_bboom_pop,Baam Boom,"September 15, 2021",,,,,,,,,,,,,,
POP Slots,gpas_bbear_pop,Big Bear,"September 15, 2021",,,,,,,,,,,,,,
POP Slots,gpas_bowlingf_pop,Bowling Frenzy,"September 15, 2021",,,,,,,,,,,,,,
POP Slots,gpas_cots_pop,Charms of the Sea,"September 15, 2021",,,,,,,,,,,,,,
POP Slots,gpas_csmcdsc_pop,Cosmic Disco,"September 15, 2021",,,,,,,,,,,,,,
POP Slots,gpas_dotb_pop,Drinks on the Beach,"September 15, 2021",,,,,,,,,,,,,,
POP Slots,gpas_ftbear_pop,Fear the Bear,"September 15, 2021",,,,,,,,,,,,,,
POP Slots,gpas_kbanzai_pop,Kanpai Bonzai,"September 15, 2021",,,,,,,,,,,,,,
POP Slots,gpas_lheart_pop,Lotus Heart,"September 15, 2021",,,,,,,,,,,,,,
POP Slots,gpas_minted_pop,Minted Money,"September 15, 2021",,,,,,,,,,,,,,
POP Slots,gpas_ridetiger_pop,Ride The Tiger,"September 15, 2021",,,,,,,,,,,,,,
POP Slots,gpas_sbrains2_pop,Scatter Brains 2,"September 15, 2021",,,,,,,,,,,,,,
POP Slots,gpas_solarseven_pop,Solar Se7en,"September 15, 2021",,,,,,,,,,,,,,
POP Slots,gpas_wheelreel_pop,Wheels N Reels,"September 15, 2021",,,,,,,,,,,,,,
POP Slots,gpas_yutu_pop,Yutu,"September 15, 2021",,,,,,,,,,,,,,
Slot Machines,spud,Spud O'Reilly's Crops of Gold Desktop,"September 15, 2021",,,,,,,,,,,,,,
Slot Machines,tmqd,The Three Musketeers and the Queen's Diamond,"September 15, 2021",,,,,,,,,,,,,,
Slot Machines,tinbox,Tinderbox Treasures,"September 15, 2021",,,,,,,,,,,,,,
Slot Machines,upgdm,Upgradium,"September 15, 2021",,,,,,,,,,,,,,
Slot Machines,wkw,Wacky Waters,"September 15, 2021",,,,,,,,,,,,,,
Slot Machines,whc,What's Cooking,"September 15, 2021",,,,,,,,,,,,,,
Slot Machines,gtswng,Wings of Gold,"September 15, 2021",,,,,,,,,,,,,,
Slot Machines,dcv,The Discovery,"October 13, 2021",,,,,,,,,,,,,,
Slot Machines,wis,Wild Spirit,"October 13, 2021",,,,,,,,,,,,,,
Slot Machines,glg,Golden Games,"October 13, 2021",,,,,,,,,,,,,,
Slot Machines,srcg,Spud O'Reilly's Crops of Gold Mobile,"October 28, 2021",,,,,,,,,,,,,,
Slot Machines,frl,From Russia With Love,"November 05, 2021",,,,,,,,,,,,,,
Progressive Slot Machines,multm,The Multiplier Madness,"December 29, 2021",,,,,,,,,,,,,,
Progressive Slot Machines,frtf,Fortunate Five,"December 29, 2021",,,,,,,,,,,,,,
POP Slots,gpas_satsumo_pop,Satsumo's Revenge,"March 15, 2022",,,,,,,,,,,,,,
POP Slots,gpas_spacedig_pop,Space Digger,"March 15, 2022",,,,,,,,,,,,,,
Slot Machines,chl,Cherry Love,"March 15, 2022",,,,,,,,,,,,,,
Slot Machines,ashfmf,Full Moon Fortunes,"March 15, 2022",,,,,,,,,,,,,,
Slot Machines,gtsdrdv,Daring Dave & the Eye of Ra,"March 15, 2022",,,,,,,,,,,,,,
Slot Machines,astrob,Astro Babes,"March 15, 2022",,,,,,,,,,,,,,
Slot Machines,foy,Fountain of Youth,"March 15, 2022",,,,,,,,,,,,,,
Slot Machines,roarw,Roaring Bears,"March 15, 2022",,,,,,,,,,,,,,
Slot Machines,ashndm,Nostradamus,"March 15, 2022",,,,,,,,,,,,,,
Slot Machines,ashwdw,Wild Wishes,"March 15, 2022",,,,,,,,,,,,,,
Slot Machines,wildb,Wild beats,"March 15, 2022",,,,,,,,,,,,,,
Slot Machines,fff,Funky Fruits Farm,"March 15, 2022",,,,,,,,,,,,,,
Slot Machines,gtscnb,Cops N' Bandits,"March 15, 2022",,,,,,,,,,,,,,
Slot Machines,fow,Forest of Wonder,"March 15, 2022",,,,,,,,,,,,,,
Slot Machines,ashjah,Jekyll and Hyde,"March 15, 2022",,,,,,,,,,,,,,
Slot Machines,gts52,Vikingmania,"March 15, 2022",,,,,,,,,,,,,,
Slot Machines,ashwgaa,Wild Gambler 2: Arctic Adventure,"March 15, 2022",,,,,,,,,,,,,,
Slot Machines,ashtkp2,Tiki Paradise,"March 15, 2022",,,,,,,,,,,,,,
Slot Machines,ashfof,Fields of Fortune,"March 15, 2022",,,,,,,,,,,,,,
Slot Machines,art,Arctic Treasure,"March 15, 2022",,,,,,,,,,,,,,
POP Slots,gpas_5aogold_pop,5 Ages Of Gold,"September 27, 2022",,,,,,,,,,,,,,
POP Slots,gpas_luckyu_pop,Lucky U,"September 27, 2022",,,,,,,,,,,,,,
POP Slots,gpas_cotvalk_pop,Call of the Valkyries,"September 27, 2022",,,,,,,,,,,,,,
POP Slots,gpas_gemburst_pop,GemBurst,"September 27, 2022",,,,,,,,,,,,,,
POP Slots,gpas_ggrizzly_pop,Giant Grizzly,"September 27, 2022",,,,,,,,,,,,,,
POP Slots,gpas_lotj_pop,Legend of the Jaguar,"September 27, 2022",,,,,,,,,,,,,,
POP Slots,gpas_pantryplund_pop,Pantry Plunder,"September 27, 2022",,,,,,,,,,,,,,
POP Slots,gpas_fiesta_pop,Fiesta De La Memoria,"September 27, 2022",,,,,,,,,,,,,,
POP Slots,gpas_rothr_pop,Raiders of the Hidden Realm,"September 27, 2022",,,,,,,,,,,,,,
POP Slots,gpas_extrfruits_pop,Extreme Fruits Ultimate,"September 27, 2022",,,,,,,,,,,,,,
POP Slots,gpas_orising_pop,Oceanus Rising,"September 27, 2022",,,,,,,,,,,,,,